symbol	globalScore	clinicalPrecedence	gwasCredibleSets	geneBurden	eva	genomicsEngland	gene2Phenotype	uniprotLiterature	uniprotVariants	orphanet	clingen	cancerGeneCensus	intogen	evaSomatic	cancerBiomarkers	crisprScreen	crispr	reactome	europepmc	expressionAtlas	impc	maxClinicalStage	isInMembrane	isSecreted	hasLigand	hasSmallMoleculeBinder	hasPocket	mouseOrthologMaxIdentityPercentage	hasHighQualityChemicalProbes	geneticConstraint	mouseKoScore	geneEssentiality	hasSafetyEvent	isCancerDriverGene	paralogMaxIdentityPercentage	tissueSpecificity	tissueDistribution
IL12B	0.734570044957905	0.9791702558812919	0.8557951926872112	No data	No data	No data	No data	No data	No data	No data	No data	No data	No data	No data	No data	No data	No data	No data	0.68368012743092	No data	No data	1	0	1	0	0	0	0	No data	0.05195808052950901	-0.7718641284023925	0	No data	No data	No data	0.5	1
JAK2	0.6652549355111901	0.8573104209729381	0.783952881683333	No data	No data	No data	No data	No data	No data	No data	No data	0.3039653988058105	No data	No data	No data	No data	No data	No data	0.5490833602935111	0.044717180888602215	No data	1	1	0	1	1	1	0.6863950000000003	1	-0.20904578047435185	-0.8880064639175258	0	255	255	0	-1	-1
TNF	0.6391840028416805	0.9916214110499576	No data	No data	No data	No data	No data	No data	No data	No data	No data	No data	No data	No data	No data	No data	No data	No data	0.9871124720274257	0.024694282812137466	0.4555546318869283	1	1	1	1	1	1	0	0	-0.5784886927744071	-0.9827379260198055	0	255	No data	0	0.5	0.5
PPARG	0.6314192483119688	0.9939249676752208	No data	No data	No data	No data	No data	No data	No data	No data	No data	No data	No data	No data	No data	No data	No data	No data	0.8279109549023195	0.14922910938682024	No data	1	0	0	1	1	1	0.9157899999999998	1	-0.5346938775510204	-0.9812084574342594	0	255	255	0	0.5	0
IL23A	0.6292896658762958	0.9791702558812919	No data	No data	No data	No data	No data	No data	No data	No data	No data	No data	No data	No data	No data	No data	No data	No data	0.8882440371278042	0.21165984049952644	0.40074798178558063	1	0	1	0	0	0	0	No data	0.6069498069498069	-0.7944153438648616	0	No data	No data	No data	1	0.5
NOD2	0.6274498366612973	No data	0.5652418023841104	No data	No data	0.8776156542187763	No data	No data	No data	No data	No data	No data	No data	No data	No data	No data	No data	No data	0.4140592562974071	0.024253303999953763	0.30287112337010963	1	0	0	1	1	0	0	No data	0.11947049089906225	-0.8143087360547074	0	No data	No data	0	0.5	0
PTGS2	0.6258582399171752	0.9940088311545024	No data	No data	No data	No data	No data	No data	No data	No data	No data	No data	No data	No data	No data	No data	No data	No data	0.5228231775928183	0.21583880380939804	0.2988587801058729	1	0	0	1	1	0	0.3377499999999998	0	-0.8618863761720905	-0.9746906083086682	0	255	No data	-0.019040000000000036	0.5	0
NR3C1	0.6182604926762423	0.9955035106396655	No data	No data	No data	No data	No data	No data	No data	No data	No data	No data	No data	No data	No data	No data	No data	No data	0.4244275960937919	0.012000310702214741	No data	1	0	0	1	1	1	0.5109400000000001	1	-0.8916712630998346	-0.9535439454461969	0	255	No data	0	-1	-1
PTGS1	0.6143725039193904	0.9940088311545024	No data	No data	No data	No data	No data	No data	No data	No data	No data	No data	No data	No data	No data	No data	No data	No data	0.32790432065359937	0.008643174766086505	No data	1	0	0	1	1	0	0.4741250000000001	1	-0.253392167677882	-0.9402028439291884	0	255	No data	-0.03171999999999997	0.5	0
ALOX5	0.6099824426049537	0.9939765705079739	No data	No data	No data	No data	No data	No data	No data	No data	No data	No data	No data	No data	No data	No data	No data	No data	0.15774116066271215	0.06800272583195965	No data	1	0	0	1	1	0	0.6735900000000001	0	-0.06265857694429122	-0.28247970811937057	0	No data	No data	0	0.5	0
ITGB7	0.6071560347671664	0.9793682130067339	No data	No data	No data	No data	No data	No data	No data	No data	No data	No data	No data	No data	No data	No data	No data	No data	0.024317231904464845	No data	0.37633956026147397	1	1	0	1	0	0	0.3045099999999998	No data	-0.19867622724765577	0	0	No data	No data	0	0.5	0
ITGA4	0.6024220435087698	0.9775693541436206	No data	No data	No data	No data	No data	No data	No data	No data	No data	No data	No data	No data	No data	No data	No data	No data	0.26364863815788975	0.008402928573624254	No data	1	1	0	1	1	0	0.24418500000000024	No data	-0.5645890788747931	-0.8852086880129758	0	No data	No data	0	0.75	0
JAK3	0.5969787729128537	0.8575362746136957	No data	No data	No data	No data	No data	No data	No data	No data	No data	0.4559480982087158	No data	No data	No data	No data	No data	No data	0.21923581230279682	0.10574779121881082	0.309375982904554	1	1	0	1	1	1	0.1014249999999997	1	-0.06254826254826251	-0.8827739924286893	0	No data	255	0	0.5	0
IL10	0.5938405700674532	No data	0.9202240633813196	No data	No data	No data	No data	No data	No data	No data	No data	No data	No data	No data	No data	No data	No data	No data	0.8901632181242006	0.02178122997779743	0.5318170174023161	0.01	0	1	0	0	0	0	No data	-0.42151130722559293	-0.9606474195743103	0	255	No data	0	0.5	0
IL23R	0.5906361085232947	No data	0.9267453137943662	No data	No data	No data	No data	No data	No data	No data	No data	No data	No data	No data	No data	No data	No data	No data	0.881989719090119	0.031803747309783435	No data	No data	1	0	0	1	0	0	No data	-0.382680639823497	-0.25964616602717483	0	255	No data	0	0.5	0.5
S1PR1	0.5846355210830079	0.9433447398050512	No data	No data	No data	No data	No data	No data	No data	No data	No data	No data	No data	No data	No data	No data	No data	No data	0.3407986207400849	0.05833656679405228	No data	1	0	0	1	1	0	0.7120399999999997	1	-0.8693877551020408	-0.9479894374473465	0	No data	No data	0	-1	-1
IL12A	0.5799281024716678	0.9480102512362727	No data	No data	No data	No data	No data	No data	No data	No data	No data	No data	No data	No data	No data	No data	No data	No data	0.11854883180007328	No data	No data	1	0	1	0	0	0	0	No data	0.2857142857142858	-0.6607844572693067	0	255	No data	No data	0.5	0.5
S1PR5	0.5677031220749772	0.9213476567861452	0.03528674289834983	No data	No data	No data	No data	No data	No data	No data	No data	No data	No data	No data	No data	No data	No data	No data	0.043593517557110224	0.14014200933919896	No data	1	1	0	1	1	0	0.2462299999999999	No data	No data	0	0	No data	No data	0	0.5	0
PPAT	0.5593809767429955	0.9186194042155701	No data	No data	No data	No data	No data	No data	No data	No data	No data	No data	No data	No data	No data	No data	No data	No data	0.030396539880581056	No data	No data	1	0	0	0	0	0	0.65184	No data	-0.67280750137893	0	-1	No data	No data	No data	-1	-1
S1PR4	0.5540948274000421	0.9047619131200753	No data	No data	No data	No data	No data	No data	No data	No data	No data	No data	No data	No data	No data	No data	No data	No data	0.13364007628163463	No data	No data	1	0	0	1	1	0	0.0885399999999997	1	0.9282956425813569	0	0	No data	No data	0	0.5	0
GPR35	0.5536072116000945	No data	0.885296660310374	No data	No data	No data	No data	No data	No data	No data	No data	No data	No data	No data	No data	No data	No data	No data	0.33678714713489344	No data	0.35722013667658853	No data	1	0	1	1	0	0	1	0.9273028130170988	-0.5916336710420869	0	No data	No data	0	0.5	0
FCGR2A	0.5526669305497712	No data	0.8694488241381043	No data	No data	No data	No data	No data	No data	No data	No data	No data	No data	No data	No data	No data	No data	No data	0.7270983425801935	0.1481127197842894	No data	No data	1	0	0	0	0	0	No data	-0.07964699393270824	-0.9110511792600087	0	No data	No data	-0.6372250000000002	0.5	-1
OTUD3	0.53821754129836	No data	0.8529957176034499	No data	No data	No data	No data	No data	No data	No data	No data	No data	No data	No data	No data	No data	No data	No data	0.646625386100418	No data	No data	No data	0	0	0	0	0	0.09547499999999971	No data	-0.2281301709873138	-0.5232218517697595	0	No data	No data	0	-1	-1
RNF186	0.5368527135774246	No data	0.8561891063402515	No data	No data	No data	No data	No data	No data	No data	No data	No data	No data	No data	No data	No data	No data	No data	0.3363647856151812	No data	0.38836139178424384	No data	0	0	0	0	0	0	No data	0.9045780474351903	-0.6845086211817222	0	No data	No data	No data	0.5	0.5
TYK2	0.534582278373835	0.858111634807134	0.060612138701596346	No data	No data	No data	No data	No data	No data	No data	No data	No data	No data	No data	No data	No data	No data	No data	0.2737163678347721	No data	No data	1	0	0	1	1	0	0	1	-0.5373414230557088	-0.9015325860226683	0	No data	No data	0	-1	0
NKX2-3	0.5316655767729715	No data	0.8522011197679619	No data	No data	No data	No data	No data	No data	No data	No data	No data	No data	No data	No data	No data	No data	No data	0.4469676601446834	No data	No data	No data	0	0	0	0	0	0.49176000000000003	No data	-0.6196359624931054	-0.7765837357288347	0	No data	No data	0	0.75	0.5
JAK1	0.5289535953182188	0.8578293284609148	No data	No data	No data	No data	No data	No data	No data	No data	No data	No data	No data	No data	No data	No data	No data	No data	0.24518341500753643	No data	No data	1	0	0	1	1	0	0.7400350000000003	1	-0.9731936017650303	-0.9404145109122005	0	No data	255	0	-1	-1
TNFSF15	0.5200376612094547	No data	0.8376209952581408	No data	No data	No data	No data	No data	No data	No data	No data	No data	No data	No data	No data	No data	No data	No data	0.3389538762435638	0.038419899596444644	No data	No data	0	1	0	0	0	0	No data	0.02945394373965793	0	0	No data	No data	0	0.5	0
IRF5	0.5145771905342821	No data	0.8338141249346528	No data	No data	No data	No data	No data	No data	No data	No data	No data	No data	No data	No data	No data	No data	No data	0.2525256010414035	No data	No data	No data	0	0	0	0	0	0.27043000000000034	No data	-0.6492002206287921	-0.6328865502098152	0	No data	No data	0	-1	0
SLC26A3	0.512332661304462	No data	0.8197986155851905	No data	No data	No data	No data	No data	No data	No data	No data	No data	No data	No data	No data	No data	No data	No data	0.30389082881056645	0.17470558329903577	0.2507106609350326	No data	1	0	0	1	0	0.03141499999999979	No data	-0.19249862107004967	-0.7579028504621268	0	No data	No data	0	1	0.5
MST1	0.5106266850352835	No data	0.812491319304631	No data	No data	No data	No data	No data	No data	No data	No data	No data	No data	No data	No data	No data	No data	No data	0.4264031951158837	No data	0.27587899595615367	No data	0	1	No data	No data	No data	0	No data	-0.03132928847214567	-0.37483691099318206	0	No data	No data	0	1	-1
INAVA	0.507917788999701	No data	0.8205832377042092	No data	No data	No data	No data	No data	No data	No data	No data	No data	No data	No data	No data	No data	No data	No data	0.039346632178752144	0.018284697390903656	0.27600058211567596	No data	0	0	0	0	0	0.3771650000000001	No data	-0.21952564809707664	-0.031001120182822806	0	No data	No data	0	0.5	0
TMCO4	0.5065822391942612	No data	0.8332893171138422	No data	No data	No data	No data	No data	No data	No data	No data	No data	No data	No data	No data	No data	No data	No data	No data	No data	No data	No data	0	0	0	0	0	0.1009450000000001	No data	0.1553226696083838	No data	0	No data	No data	No data	-1	0
PRDM1	0.5040980522815545	No data	0.7464563937940358	No data	No data	No data	No data	No data	No data	No data	No data	0.3039653988058105	No data	No data	No data	No data	No data	No data	0.23545018898407835	0.12184386856804219	No data	No data	0	0	0	0	0	0.3696950000000001	No data	-0.8763375620518478	-0.9201438611582232	0	No data	255	0	0.5	-1
ADCY7	0.4990459533590354	No data	0.8171975775718054	No data	No data	No data	No data	No data	No data	No data	No data	No data	No data	No data	No data	No data	No data	No data	0.0739024319329927	No data	No data	No data	1	0	0	1	0	0.18981500000000012	No data	-0.3842250413678985	0	0	No data	No data	0	0.5	0
NR5A2	0.49254022676469555	No data	0.7780828444699152	No data	No data	No data	No data	No data	No data	No data	No data	No data	No data	No data	No data	No data	No data	No data	0.49178812784013515	0.020826266828864317	0.326641217556724	No data	0	0	1	1	1	0.21441999999999978	0	-0.5449531163816879	-0.2652521265510627	0	No data	No data	0	0.75	0
PRKCB	0.48871362289411596	0.12158615952232422	0.765036609793235	No data	No data	No data	No data	No data	No data	No data	No data	No data	No data	No data	No data	No data	No data	No data	0.3625411642823385	0.032574410268947473	No data	1	0	0	1	1	0	0.9405650000000001	0	-0.9295091009376724	-0.19638901909574596	0	255	No data	-0.5059425000000001	0.5	0
DLD	0.4810603575052318	No data	0.7834716689403509	No data	No data	No data	No data	No data	No data	No data	No data	No data	No data	No data	No data	No data	No data	No data	0.15672181501354784	No data	No data	No data	0	0	0	0	1	0.7445950000000003	No data	-0.3992277992277993	-0.3931719437528311	0	No data	No data	0	0.5	-1
SMAD3	0.4765109909130305	No data	0.7750886158930443	No data	No data	No data	No data	No data	No data	No data	No data	No data	No data	No data	No data	No data	No data	No data	0.17471562402658547	No data	No data	No data	0	0	1	1	0	1	No data	-0.8234969663541092	-0.87635095247127	0	No data	255	-0.8058824999999998	-1	-1
PARK7	0.47187240903293143	No data	0.7642256111647827	No data	No data	No data	No data	No data	No data	No data	No data	No data	No data	No data	No data	No data	No data	No data	0.23937341917475527	No data	No data	No data	0	0	1	1	0	0.5767200000000002	1	0.10446773303916168	-0.34274856128884507	0	No data	No data	No data	-1	-1
NXPE1	0.47181913294214556	No data	0.7728543540033677	No data	No data	No data	No data	No data	No data	No data	No data	No data	No data	No data	No data	No data	No data	No data	0.04559480982087158	0.04376486273333572	No data	No data	0	1	0	0	0	No data	No data	0.47468284611141764	No data	0	No data	No data	-0.2458874999999999	1	0.5
TNRC18	0.4708542242406693	No data	0.7693591552038385	No data	No data	No data	No data	No data	No data	No data	No data	No data	No data	No data	No data	No data	No data	No data	No data	0.10320580500680522	No data	No data	0	0	0	0	0	0	No data	-0.6247104247104247	No data	0	No data	No data	0	-1	-1
CCL20	0.4687556879905861	No data	0.723489438302239	No data	No data	No data	No data	No data	No data	No data	No data	No data	No data	No data	No data	No data	No data	No data	0.7950547360286191	0.352140190536981	No data	No data	0	1	0	0	0	0	No data	0.8799779371207943	No data	0	No data	No data	0	0.75	0
PUS10	0.45060423480310047	No data	0.7392086449317482	No data	No data	No data	No data	No data	No data	No data	No data	No data	No data	No data	No data	No data	No data	No data	0.04002211084276505	No data	No data	No data	0	0	0	0	0	0.32892500000000024	No data	0.19040264754550473	0	0	No data	No data	No data	-1	-1
STAT3	0.44391501581017145	No data	0.6880559103184579	No data	No data	No data	No data	No data	No data	No data	No data	No data	No data	No data	No data	No data	No data	No data	0.8430116569041388	No data	No data	0.2	0	0	1	1	0	0.9935049999999996	1	-0.9918367346938776	-0.8661913643502114	0	255	255	0	-1	-1
PDGFB	0.44317391123050726	No data	0.7157297702126536	No data	No data	No data	No data	No data	No data	No data	No data	No data	No data	No data	No data	No data	No data	No data	0.204332295863906	0.13684713293869796	No data	0.7	0	1	0	0	0	0.4813299999999998	No data	-0.7161610590182019	-0.9718525103166387	0	No data	No data	0	-1	0
MAP3K8	0.43890763541308714	0.12158615952232422	0.6813977197286695	No data	No data	No data	No data	No data	No data	No data	No data	No data	No data	No data	No data	No data	No data	No data	0.2721823355777515	0.11093318039883028	0.2591608990218341	0.2	0	0	1	1	0	0.6680950000000003	0	-0.5941533370104799	-0.8574022827241295	0	No data	No data	0	1	-1
IL19	0.4378177756891684	No data	0.7061849560756336	No data	No data	No data	No data	No data	No data	No data	No data	No data	No data	No data	No data	No data	No data	No data	0.2608558762133725	0.04271608173001719	No data	No data	0	1	0	0	0	0	No data	0.2766685052399338	-0.46205414238031206	0	255	No data	0	0.75	0.5
GPR12	0.4316722508492938	No data	0.7091561782377211	No data	No data	No data	No data	No data	No data	No data	No data	No data	No data	No data	No data	No data	No data	No data	0.01823792392834863	No data	No data	No data	1	0	0	0	0	0.6856299999999997	No data	-0.47821290678433537	-0.765915442384106	0	No data	No data	0	0.5	0.5
TNFAIP3	0.4270182039951538	No data	0.6686025927271204	No data	No data	No data	No data	No data	No data	No data	No data	No data	No data	No data	No data	No data	No data	No data	0.6679588152456943	0.018539426964886693	No data	No data	0	0	0	0	0	0.39873499999999995	No data	-0.9506894649751793	-0.8826535093140294	0	No data	255	0	0.5	-1
SLC7A10	0.4193477704817388	No data	0.6876674822738919	No data	No data	No data	No data	No data	No data	No data	No data	No data	No data	No data	No data	No data	No data	No data	0.04255515583281348	No data	No data	No data	0	0	0	0	0	0.6462699999999998	No data	-0.3300606729178158	-0.7913213097632484	0	No data	No data	-0.08699750000000002	0.75	0.5
PTPN22	0.41826522251353476	No data	0.6636535309293756	No data	No data	No data	No data	No data	No data	No data	No data	No data	No data	No data	No data	No data	No data	No data	0.4872199985937231	No data	No data	No data	1	0	1	1	0	0	No data	-0.043574186431329265	-0.7777121557641825	0	No data	No data	0	0.5	0
CXCR2	0.41815085286119347	0.1654922726831635	0.6305036916717335	No data	No data	No data	No data	No data	No data	No data	No data	No data	No data	No data	No data	No data	No data	No data	0.506317995365157	0.3758504491811098	No data	0.7	1	0	1	1	0	0	No data	0.3233314947600663	-0.9000153174724181	0	No data	No data	-0.368055	0.5	0
NFKB1	0.4165778348928419	No data	0.6406612007743301	No data	No data	No data	No data	No data	No data	No data	No data	No data	No data	No data	No data	No data	No data	No data	0.8915541115453588	No data	No data	0.7	0	0	1	1	0	0.36016499999999996	No data	-0.9677881963596249	-0.9127655388876762	0	255	No data	0	-1	-1
IL2RA	0.41577038770289276	0.14353921610274387	0.6283969518194241	No data	No data	No data	No data	No data	No data	No data	No data	No data	No data	No data	No data	No data	No data	No data	0.6348215480826376	0.1487885931326253	0.34652055463862397	1	0	0	0	1	0	0	No data	-0.1079977937120794	-0.8957419950085688	0	No data	No data	No data	0.5	0
IL18R1	0.4154425109845478	No data	0.6767567076855739	No data	No data	No data	No data	No data	No data	No data	No data	No data	No data	No data	No data	No data	No data	No data	0.11101231513552401	0.047882757994648806	No data	0.2	0	0	0	0	0	0	No data	0.3238830667402095	-0.6017599046773083	0	No data	No data	0	0.5	0
IL17REL	0.4139064733571346	No data	0.6763936428296818	No data	No data	No data	No data	No data	No data	No data	No data	No data	No data	No data	No data	No data	No data	No data	0.048988986717945035	0.06724864982314718	No data	No data	0	1	0	0	0	No data	No data	0.3027027027027027	No data	0	No data	No data	No data	0.75	0.5
CNTNAP2	0.41285402200783095	No data	0.6791135169164177	No data	No data	No data	No data	No data	No data	No data	No data	No data	No data	No data	No data	No data	No data	No data	No data	No data	No data	No data	0	0	0	0	0	0.688205	No data	-0.40794263651406504	-0.3315356520723639	0	No data	No data	0	0.75	0.5
DAGLB	0.41195320719011297	No data	0.6770238141453233	No data	No data	No data	No data	No data	No data	No data	No data	No data	No data	No data	No data	No data	No data	No data	0.012158615952232422	No data	No data	No data	1	0	1	1	0	0	1	0.26971869829012696	No data	0	No data	No data	0	-1	-1
PTPN2	0.4096990542367629	No data	0.6386397863380375	No data	No data	No data	No data	No data	No data	No data	No data	No data	No data	No data	No data	No data	No data	No data	0.7056809632292413	No data	No data	No data	0	0	1	1	0	0.4337350000000001	1	-0.5464975179260894	-0.7766624700775734	0	255	No data	0	0.5	-1
RORC	0.40486373094513783	No data	0.6528449924476509	No data	No data	No data	No data	No data	No data	No data	No data	No data	No data	No data	No data	No data	No data	No data	0.2625020479644197	No data	No data	0.01	0	0	1	1	1	0.41119500000000003	1	-0.8450082735797022	-0.5994483708849513	0	255	No data	0	0.5	0
CARD9	0.40422953607218576	No data	0.6526062255496219	No data	No data	No data	No data	No data	No data	No data	No data	No data	No data	No data	No data	No data	No data	No data	0.2464133377325533	No data	No data	No data	0	0	0	0	0	0.2910449999999997	No data	0.3053502482073911	-0.08323942318989808	0	No data	No data	0	0.5	0.5
ATG16L1	0.40400194570112663	No data	0.6507139156807662	No data	No data	No data	No data	No data	No data	No data	No data	No data	No data	No data	No data	No data	No data	No data	0.2767721575346772	No data	No data	No data	0	0	0	0	0	0.7034599999999998	No data	-0.6383894098179812	-0.6328865502098152	0	No data	No data	0	-1	-1
MADCAM1	0.4029849153518034	0.6287007326341038	No data	No data	No data	No data	No data	No data	No data	No data	No data	No data	No data	No data	No data	No data	No data	No data	0.6776969106185209	0.013230346234617052	No data	0.7	0	0	0	0	0	0	No data	0.9322669608383893	0	0	No data	No data	No data	0.5	0
OSMR	0.4028203921861007	0.06079307976116211	0.641163932090781	No data	No data	No data	No data	No data	No data	No data	No data	No data	No data	No data	No data	No data	No data	No data	0.057638594400221815	0.2486822977454119	No data	0.2	0	0	0	0	0	0	No data	-0.07181467181467183	-0.8965352017609803	0	No data	No data	0	-1	0
TLR4	0.39950908720238765	No data	0.6244267821686063	No data	No data	No data	No data	No data	No data	No data	No data	No data	No data	No data	No data	No data	No data	No data	0.6288879002703504	0.05809208857345348	No data	0.7	1	0	1	1	0	0	0	-0.19084390512961946	-0.9683202095677457	0	255	No data	0	-1	-1
GNA12	0.39786745557506986	No data	0.6510790403964559	No data	No data	No data	No data	No data	No data	No data	No data	No data	No data	No data	No data	No data	No data	No data	0.06765425429087325	No data	No data	No data	0	0	0	0	0	0.8950150000000001	No data	-0.6211803640375069	No data	0	No data	No data	-0.06824250000000003	-1	-1
TET2	0.39580237649913447	No data	0.5282798074289596	No data	No data	No data	No data	No data	No data	No data	No data	0.4559480982087158	No data	No data	No data	No data	No data	No data	0.3959110286013185	No data	No data	No data	0	0	1	1	0	0	No data	0.9997793712079426	-0.8804406422285638	0	No data	255	0	-1	0
ID4	0.3929275693374758	No data	0.6442082575594011	No data	No data	No data	No data	No data	No data	No data	No data	No data	No data	No data	No data	No data	No data	No data	0.04255515583281348	No data	No data	No data	0	0	0	0	0	0.90683	No data	0.9645890788747931	-0.8087879465472277	0	No data	No data	0	0.5	0
TCP11	0.3921517617131407	No data	0.6441479745220724	No data	No data	No data	No data	No data	No data	No data	No data	No data	No data	No data	No data	No data	No data	No data	0.01823792392834863	No data	No data	No data	0	0	0	0	0	0	No data	-0.03651406508549371	No data	0	No data	No data	-0.21968250000000006	1	1
PDE4A	0.39132969535582046	0.589253812551664	0.15827690187137916	No data	No data	No data	No data	No data	No data	No data	No data	No data	No data	No data	No data	No data	No data	No data	0.669806818345696	No data	No data	1	1	0	1	1	1	0.06320499999999996	0	-0.7581908439051296	No data	0	255	No data	0	-1	-1
CD274	0.38774696939963493	No data	0.5845084607870984	No data	No data	No data	No data	No data	No data	No data	No data	No data	No data	No data	No data	No data	No data	No data	0.957466458472432	0.24446421547181374	No data	1	1	1	1	1	0	0	1	-0.7129619415333701	-0.7576952072276649	0	No data	No data	0	0.5	0
DAP	0.387435156810573	No data	0.6354860648906713	No data	No data	No data	No data	No data	No data	No data	No data	No data	No data	No data	No data	No data	No data	No data	0.03630697819069404	No data	No data	No data	0	0	0	0	0	0.8039200000000001	No data	0.49917264202978484	-0.4547431408224101	0	No data	No data	0	-1	-1
CDKAL1	0.38691515943176286	No data	0.633971536271472	No data	No data	No data	No data	No data	No data	No data	No data	No data	No data	No data	No data	No data	No data	No data	0.03603340933176881	0.030278288655756606	No data	No data	0	0	0	0	0	0.5250450000000001	No data	-0.514396028681743	-0.7857486610232586	0	No data	No data	0	-1	-1
PACSIN1	0.38651831242707485	No data	0.6343779772846726	No data	No data	No data	No data	No data	No data	No data	No data	No data	No data	No data	No data	No data	No data	No data	No data	0.028305942470336565	No data	No data	0	0	0	0	0	0.7522500000000001	No data	-0.7673469387755102	-0.3214628816687787	0	No data	No data	-0.20045000000000002	0.75	0.5
GPR65	0.3854470703867519	No data	0.6256535702243227	No data	No data	No data	No data	No data	No data	No data	No data	No data	No data	No data	No data	No data	No data	No data	0.15298747391562448	0.032769840351830774	No data	No data	0	0	0	1	0	0	No data	0.9609487038058466	0	0	No data	No data	0	0.5	0
NEU4	0.38493605773364503	No data	0.6258954160116645	No data	No data	No data	No data	No data	No data	No data	No data	No data	No data	No data	No data	No data	No data	No data	0.14590339142678904	No data	No data	No data	1	0	1	1	0	0	No data	0.7094318808604523	-0.19187701174133848	0	No data	No data	0	1	0.5
IL10RA	0.38375875214676525	No data	No data	No data	No data	0.607930797611621	No data	No data	No data	No data	No data	No data	No data	No data	No data	No data	No data	No data	0.25481332567656334	0.06033086779867074	0.33813110963158366	0.7	1	0	0	0	0	0	No data	-0.12123552123552128	-0.3297829543427139	0	No data	No data	0	0.5	0
CCL2	0.38260474227847	No data	0.5912888383459489	No data	No data	No data	No data	No data	No data	No data	No data	No data	No data	No data	No data	No data	No data	No data	0.6560254569383845	0.2369536870674002	No data	0.2	0	1	1	1	0	0	No data	0.8722559293987866	-0.9570792737022077	0	255	No data	-0.3434349999999998	0.5	-1
LCOR	0.3822829109606942	No data	0.6288263606031638	No data	No data	No data	No data	No data	No data	No data	No data	No data	No data	No data	No data	No data	No data	No data	No data	No data	No data	No data	0	0	0	0	0	0	No data	-0.8557087699944843	No data	0	No data	No data	0	0.5	-1
SOCS1	0.3805982314850349	No data	0.5892094732809557	No data	No data	No data	No data	No data	No data	No data	No data	No data	No data	No data	No data	No data	No data	No data	0.5212669805183014	0.3255449563894769	0.28384288940486585	No data	0	0	0	0	0	0.78673	No data	0.6656370656370656	-0.955125568732443	0	No data	255	0	-1	0
IL10RB	0.3781575464592568	No data	No data	No data	No data	0.607930797611621	No data	No data	No data	No data	No data	No data	No data	No data	No data	No data	No data	No data	0.28219303276801433	No data	No data	0.7	0	0	0	0	0	0	No data	0.15554329840044123	-0.10356500814645536	0	No data	No data	0	-1	-1
IKZF1	0.37677436473569303	No data	0.6082128255479948	No data	No data	No data	No data	No data	No data	No data	No data	No data	No data	No data	No data	No data	No data	No data	0.21793812485378602	0.029496984900917796	No data	No data	0	0	1	1	0	0.6242750000000001	0	-0.8717043574186432	-0.9049385575092252	0	No data	255	0	0.75	0
SFMBT1	0.3762545269774453	No data	0.6189101267046138	No data	No data	No data	No data	No data	No data	No data	No data	No data	No data	No data	No data	No data	No data	No data	No data	No data	No data	No data	0	0	0	0	0	0.43995499999999976	No data	-0.7931605074462218	No data	0	No data	No data	0	0.5	-1
CD40	0.37390246511070413	No data	0.57531392026803	No data	No data	No data	No data	No data	No data	No data	No data	No data	No data	No data	No data	No data	No data	No data	0.6955887874798342	0.2226511751020157	No data	0.2	1	1	0	1	0	0	No data	-0.4698290126861555	-0.2546557938051766	0	255	No data	0	0.5	0
ESR1	0.37134914393783497	No data	0.48215618397928434	No data	No data	No data	No data	No data	No data	No data	No data	0.4559480982087158	No data	No data	No data	No data	No data	No data	0.6433279301433941	0.03214074628257176	No data	1	0	0	1	1	1	0.4789900000000003	1	-0.734142305570877	-0.9363843084471015	0	255	255	0	0.5	0
MC2R	0.3695798546847018	0.607930797611621	No data	No data	No data	No data	No data	No data	No data	No data	No data	No data	No data	No data	No data	No data	No data	No data	No data	No data	No data	1	1	0	0	0	0	0.42760999999999993	No data	0.5953667953667954	-0.8040525637959164	0	255	No data	0	1	0.5
PDE4B	0.36944108740005516	0.589253812551664	No data	No data	No data	No data	No data	No data	No data	No data	No data	No data	No data	No data	No data	No data	No data	No data	0.246549712364713	0.2593968183350017	No data	1	0	0	1	1	1	0.8573349999999997	1	-0.8223938223938224	-0.7027944885547068	0	255	No data	-0.24932000000000015	0.5	-1
IFIH1	0.3690533848819742	No data	0.5963367581859332	No data	No data	No data	No data	No data	No data	No data	No data	No data	No data	No data	No data	No data	No data	No data	0.21456073153372143	No data	No data	No data	0	0	0	0	0	0	No data	0.6105901820187534	-0.8690988665881207	0	No data	No data	0	0.5	-1
SLC39A11	0.3667895451260898	No data	0.6025810367675495	No data	No data	No data	No data	No data	No data	No data	No data	No data	No data	No data	No data	No data	No data	No data	0.015198269940290528	No data	No data	No data	0	0	0	0	0	0.52239	No data	0.4497517926089354	No data	0	No data	No data	No data	-1	-1
NCBP1	0.36646474591378475	0.597639268443635	No data	No data	No data	No data	No data	No data	No data	No data	No data	No data	No data	No data	No data	No data	No data	No data	0.10334823559397559	No data	No data	0.7	0	0	0	0	0	0.898735	No data	-0.9548814120242691	0	-1	No data	No data	No data	-1	-1
CD6	0.36545285344644696	No data	0.592115777732972	No data	No data	No data	No data	No data	No data	No data	No data	No data	No data	No data	No data	No data	No data	No data	0.1805283243544995	No data	No data	0.7	1	1	0	0	0	0	No data	0.11483728626585776	-0.08884538371378592	0	No data	No data	0	0.5	0
TNFRSF14	0.3642916248112098	No data	0.5935008011811597	No data	No data	No data	No data	No data	No data	No data	No data	No data	No data	No data	No data	No data	No data	No data	0.11462519680528398	No data	No data	No data	1	0	0	0	0	0	No data	-0.24269167126309987	-0.786582681177096	0	No data	255	0	-1	0
TNFRSF1A	0.3639701002279398	No data	0.5759803635700458	No data	No data	No data	No data	No data	No data	No data	No data	No data	No data	No data	No data	No data	No data	No data	0.4544562785251564	No data	No data	0.1	1	1	0	1	0	0	No data	-0.8122448979591836	-0.9394801767802815	0	255	No data	0	-1	-1
NCBP2	0.36332331714896476	0.597639268443635	No data	No data	No data	No data	No data	No data	No data	No data	No data	No data	No data	No data	No data	No data	No data	No data	No data	No data	No data	0.7	0	0	0	0	0	0.9038449999999998	No data	-0.4859349145063431	0	-1	No data	No data	-0.13461500000000015	-1	-1
PDE4D	0.36191783300475694	0.589253812551664	No data	No data	No data	No data	No data	No data	No data	No data	No data	No data	No data	No data	No data	No data	No data	No data	0.11105375845370287	0.02343839736755607	No data	1	1	0	1	1	1	0.8640300000000003	1	-0.7921676778819636	-0.7179121096382592	0	255	No data	-0.09146999999999998	0.5	-1
RASGRP1	0.3611841981932512	No data	0.591165873179279	No data	No data	No data	No data	No data	No data	No data	No data	No data	No data	No data	No data	No data	No data	No data	0.03343619386863916	0.04423360963460429	No data	No data	1	0	1	1	0	0.491845	No data	-0.6466629895201323	-0.6663236260226635	0	No data	No data	0	0.5	0
PDE4C	0.36007343953364523	0.589253812551664	No data	No data	No data	No data	No data	No data	No data	No data	No data	No data	No data	No data	No data	No data	No data	No data	0.06079307976116211	No data	No data	1	0	0	1	1	0	0	No data	0.1384445670159955	-0.05373224667943238	0	No data	No data	-0.2132349999999999	0.5	0
STK38	0.359323450796416	No data	0.5890840169237133	No data	No data	No data	No data	No data	No data	No data	No data	No data	No data	No data	No data	No data	No data	No data	0.03951550184475537	No data	No data	No data	0	0	1	1	0	0.9354849999999999	No data	-0.519580805295091	-0.8408574366114924	0	No data	No data	-0.6720424999999999	-1	-1
BACH2	0.3591334280133853	No data	0.5757324765197472	No data	No data	No data	No data	No data	No data	No data	No data	No data	No data	No data	No data	No data	No data	No data	0.2650643779576543	0.07926855971647954	No data	No data	0	0	0	0	0	0.5005949999999999	No data	-0.9751792608935466	-0.350662051513671	0	No data	No data	0	0.75	0
IFNGR2	0.35827148073692167	No data	0.5866912147902971	No data	No data	No data	No data	No data	No data	No data	No data	No data	No data	No data	No data	No data	No data	No data	0.05276332714270861	No data	No data	1	0	0	0	0	0	0	No data	-0.5560948703805847	0	0	No data	No data	0	-1	-1
FKBP1A	0.35776356544186594	0.5792229543910723	No data	No data	No data	No data	No data	No data	No data	No data	No data	No data	No data	No data	No data	No data	No data	No data	0.18541889327154445	No data	No data	1	0	0	1	1	1	0.86111	1	0.31991174848317705	-0.9406943921665206	0	No data	No data	-0.88426	-1	-1
GALC	0.35518529560966	No data	0.582449620364435	No data	No data	No data	No data	No data	No data	No data	No data	No data	No data	No data	No data	No data	No data	No data	0.030396539880581056	0.012752711920451056	No data	No data	0	0	0	0	0	0.13138500000000022	No data	0.09078874793160518	-0.9180135835061021	0	No data	No data	No data	-1	-1
CCL21	0.35078982464947245	No data	0.5615979866248352	No data	No data	No data	No data	No data	No data	No data	No data	No data	No data	No data	No data	No data	No data	No data	0.28420143105962065	0.054655506500191124	No data	No data	0	1	0	0	0	0	No data	0.27302813017098737	0	0	No data	No data	0	1	0
KIF21B	0.3490406408797097	No data	0.5722160145745342	No data	No data	No data	No data	No data	No data	No data	No data	No data	No data	No data	No data	No data	No data	No data	0.03858671868173762	No data	No data	No data	1	0	0	0	0	0.7874299999999999	No data	-0.6568119139547711	-0.035235434218963135	0	No data	No data	-0.034195000000000066	0.5	0
TRAF3IP2	0.3474384418574034	No data	0.5683340074031789	No data	No data	No data	No data	No data	No data	No data	No data	No data	No data	No data	No data	No data	No data	No data	0.06351694747379417	No data	No data	1	0	0	0	0	0	0	No data	-0.3327082184225041	-0.8092864702482344	0	255	No data	No data	-1	-1
UBASH3A	0.3472021294000915	No data	0.5675041193524052	No data	No data	No data	No data	No data	No data	No data	No data	No data	No data	No data	No data	No data	No data	No data	0.07234038752246284	No data	No data	No data	0	0	0	0	0	0	No data	0.13083287369001662	-0.4699633750755963	0	No data	No data	0	1	0.5
C7orf33	0.3467602003892333	No data	0.570394199062707	No data	No data	No data	No data	No data	No data	No data	No data	No data	No data	No data	No data	No data	No data	No data	No data	No data	No data	No data	0	0	0	0	0	No data	No data	0.7854384997242141	No data	0	No data	No data	No data	1	1
CD200	0.34504192396507005	No data	0.5577683291811939	No data	No data	No data	No data	No data	No data	No data	No data	No data	No data	No data	No data	No data	No data	No data	0.19598871275646432	No data	No data	0.2	1	0	0	0	0	0	No data	-0.20397131825703252	-0.2955108117401556	0	No data	No data	0	0.5	0
ITGAL	0.34473351575848377	No data	0.5592520641685603	No data	No data	No data	No data	No data	No data	No data	No data	No data	No data	No data	No data	No data	No data	No data	0.14659364229403984	0.021541970444047966	No data	1	1	0	1	1	1	0	1	-0.5756205184776613	-0.2994430686473787	0	No data	No data	0	0.5	0
CRTC3	0.34274520452573565	No data	0.563789835738343	No data	No data	No data	No data	No data	No data	No data	No data	No data	No data	No data	No data	No data	No data	No data	No data	No data	No data	No data	0	0	0	0	0	0.4426499999999997	No data	-0.6399338113623828	-0.6828951804395047	0	No data	No data	0	-1	-1
TTC34	0.3427208518244678	No data	0.5637497773939335	No data	No data	No data	No data	No data	No data	No data	No data	No data	No data	No data	No data	No data	No data	No data	No data	No data	No data	No data	No data	No data	0	0	0	0	No data	0.6611141753998897	No data	0	No data	No data	0	0.5	0.5
THSD7A	0.34230108179571767	No data	0.5564389211850893	No data	No data	No data	No data	No data	No data	No data	No data	No data	No data	No data	No data	No data	No data	No data	No data	0.1324073277198111	No data	No data	1	1	0	0	0	0.5262500000000003	No data	-0.6888030888030888	0	0	No data	No data	0	0.5	0
CSMD1	0.34186254014210443	No data	0.5592601990381396	No data	No data	No data	No data	No data	No data	No data	No data	No data	No data	No data	No data	No data	No data	No data	No data	0.06155441625148701	No data	No data	0	0	0	0	0	0.6745249999999998	No data	-0.5865416436845008	-0.2684267109140778	0	No data	No data	-0.13440000000000013	0.75	0.5
IL6R	0.34161159485277554	No data	0.5481477678975648	No data	No data	No data	No data	No data	No data	No data	No data	No data	No data	No data	No data	No data	No data	No data	0.275547320145149	No data	No data	1	1	1	0	0	0	0	No data	-0.0058466629895200795	-0.8533623799972719	0	255	No data	0	0.5	-1
CCRL2	0.33950874552662713	No data	0.5584661064391799	No data	No data	No data	No data	No data	No data	No data	No data	No data	No data	No data	No data	No data	No data	No data	No data	No data	No data	No data	1	0	0	1	0	0	No data	0.9684500827357969	0	0	No data	No data	0	-1	0
LITAF	0.33898880050937297	No data	0.5487958398014662	No data	No data	No data	No data	No data	No data	No data	No data	No data	No data	No data	No data	No data	No data	No data	0.17629993130737012	No data	No data	No data	1	0	0	0	0	0.2857149999999997	No data	0.08825151682294541	-0.21726204147489936	0	No data	No data	0	-1	-1
ETV7	0.3386673049785801	No data	0.545712343758168	No data	No data	No data	No data	No data	No data	No data	No data	No data	No data	No data	No data	No data	No data	No data	0.18237923928348632	0.10128127088209606	No data	No data	0	0	0	0	0	No data	No data	0.592388306674021	No data	0	No data	No data	0	0.5	0
SMURF1	0.3380407058136929	No data	0.54966801920929	No data	No data	No data	No data	No data	No data	No data	No data	No data	No data	No data	No data	No data	No data	No data	0.12766546749844043	No data	No data	No data	0	0	1	1	0	0.9316000000000002	No data	-0.5639271924986211	-0.12612758426523707	0	No data	No data	-0.4562249999999999	-1	0
KIF11	0.33791800569210945	No data	0.5558494602012081	No data	No data	No data	No data	No data	No data	No data	No data	No data	No data	No data	No data	No data	No data	No data	No data	No data	No data	0.2	0	0	1	1	1	0	0	-0.9656922228350799	-0.71140783454218	-1	No data	No data	0	0.5	0
IL12RB2	0.3378635881525161	No data	0.5521144735658249	No data	No data	No data	No data	No data	No data	No data	No data	No data	No data	No data	No data	No data	No data	No data	0.07290947829689372	No data	No data	No data	1	0	0	0	0	0	No data	0.08030888030888028	-0.7616439297819674	0	No data	No data	0	0.5	0.5
SLC9A8	0.3375768764639737	No data	0.5363622442408637	No data	No data	No data	No data	No data	No data	No data	No data	No data	No data	No data	No data	No data	No data	No data	0.11809889752976613	No data	0.32603328675911236	No data	0	0	0	0	0	0.7848550000000003	No data	0.07280750137893	-0.20438192211519018	0	No data	No data	0	-1	-1
MMP9	0.337455039500902	0.5120972621547891	No data	No data	No data	No data	No data	No data	No data	No data	No data	No data	No data	No data	No data	No data	No data	No data	0.7698441334661134	0.2024301214366172	No data	0.7	0	1	1	1	1	0	No data	0.3984555984555984	-0.9750230289628977	0	255	No data	0	0.75	0
CD3E	0.3374026242072971	0.5523363188235726	No data	No data	No data	No data	No data	No data	No data	No data	No data	No data	No data	No data	No data	No data	No data	No data	0.04137306817079087	0.02685260524924788	No data	1	1	0	0	0	0	0	No data	-0.49156094870380584	-0.6367618143685618	0	No data	No data	0	1	0
SEMA6D	0.33738752777144926	No data	0.5528491065109153	No data	No data	No data	No data	No data	No data	No data	No data	No data	No data	No data	No data	No data	No data	No data	0.04255515583281348	No data	No data	No data	1	0	0	0	0	0.7437100000000001	No data	-0.7986762272476559	No data	0	No data	No data	0	0.5	0
PADI4	0.33738630817270543	No data	0.5161066001658934	No data	No data	No data	No data	No data	No data	No data	No data	No data	No data	No data	No data	No data	No data	No data	0.7019986621278342	0.16957461973253496	No data	No data	0	0	1	1	1	0	1	0.07655819084390503	-0.8911640384128183	0	No data	No data	0	0.75	0.5
ARMC12	0.3364043586128314	No data	0.5533596256917134	No data	No data	No data	No data	No data	No data	No data	No data	No data	No data	No data	No data	No data	No data	No data	No data	No data	No data	No data	0	0	0	0	0	0.16176499999999977	No data	-0.15333701047986759	0	0	No data	No data	0	1	0
IP6K3	0.3363029567929894	No data	0.5531928273978279	No data	No data	No data	No data	No data	No data	No data	No data	No data	No data	No data	No data	No data	No data	No data	No data	No data	No data	No data	0	0	1	1	0	0	No data	0.11042471042471047	No data	0	No data	No data	0	0.75	0
IL18RAP	0.33546488509640315	No data	0.5431242232249752	No data	No data	No data	No data	No data	No data	No data	No data	No data	No data	No data	No data	No data	No data	No data	0.16036763164574191	0.030224622917912503	No data	0.2	1	0	0	0	0	0	No data	-0.22305570876999448	-0.036946524187973784	0	No data	No data	0	1	0
MYT1L	0.3342869851722445	No data	0.5466850132642582	No data	No data	No data	No data	No data	No data	No data	No data	No data	No data	No data	No data	No data	No data	No data	No data	0.06383387792845173	No data	No data	0	0	0	0	0	0.7428350000000001	No data	-0.9970215113072256	-0.7234131241992566	0	No data	No data	0	0.5	0.5
ERRFI1	0.334133090126903	No data	0.548887705350159	No data	No data	No data	No data	No data	No data	No data	No data	No data	No data	No data	No data	No data	No data	No data	No data	0.01471712293326547	No data	No data	0	0	0	0	0	0.10172999999999988	No data	0.21345835631549925	-0.8880869605530042	0	No data	No data	No data	0.5	-1
ERAP1	0.3340608799551966	No data	0.5206121946123513	No data	No data	No data	No data	No data	No data	No data	No data	No data	No data	No data	No data	No data	No data	No data	0.5778517327031261	No data	No data	0.2	1	1	1	1	1	0.2189149999999998	No data	-0.037286265857694456	-0.760856143025603	0	No data	No data	0	-1	-1
FOSL2	0.3302320363176192	No data	0.5416867972056372	No data	No data	No data	No data	No data	No data	No data	No data	No data	No data	No data	No data	No data	No data	No data	0.030396539880581056	No data	No data	No data	0	0	0	0	0	0.7392650000000003	No data	-0.902261445118588	-0.5802455461466823	0	No data	No data	0	-1	-1
IL1R1	0.32988409057755885	No data	0.5297818775789414	No data	No data	No data	No data	No data	No data	No data	No data	No data	No data	No data	No data	No data	No data	No data	0.21543744016058333	0.0936238630903085	No data	1	1	1	1	1	0	0	No data	-0.5330391616105902	-0.9171723389502475	0	No data	No data	0	-1	-1
ALOX5AP	0.32870658320402746	No data	0.5380053791893853	No data	No data	No data	No data	No data	No data	No data	No data	No data	No data	No data	No data	No data	No data	No data	No data	0.0538398094161804	No data	0.7	0	0	1	1	1	0.596275	1	-0.2952013237727523	-0.2478781510434408	0	No data	No data	0	0.75	-1
LSP1	0.32862911737184614	No data	0.5324789763760973	No data	No data	No data	No data	No data	No data	No data	No data	No data	No data	No data	No data	No data	No data	No data	0.1618193574475933	No data	No data	No data	1	0	0	0	0	0	No data	0.13028130170987318	0	0	No data	No data	0	0.5	0
ANK3	0.32832491935056635	No data	0.5360593154672201	No data	No data	No data	No data	No data	No data	No data	No data	No data	No data	No data	No data	No data	No data	No data	0.07295169571339452	0.016319760717653665	No data	No data	1	0	0	0	0	0	No data	-0.9763927192498622	-0.8577248583633648	0	No data	No data	0	-1	-1
ZBTB40	0.3273562223425216	No data	0.5369563015860768	No data	No data	No data	No data	No data	No data	No data	No data	No data	No data	No data	No data	No data	No data	No data	0.030396539880581056	No data	No data	No data	0	0	0	0	0	0	No data	-0.5642581356867071	-0.05228713452225198	0	No data	No data	No data	-1	-1
NCOR2	0.3271952559234128	No data	0.5360835932517107	No data	No data	No data	No data	No data	No data	No data	No data	No data	No data	No data	No data	No data	No data	No data	0.04255515583281348	No data	No data	No data	0	0	1	1	0	0.3695300000000003	0	-0.7423055708769994	-0.9375147721290766	0	255	255	0	-1	-1
SP140	0.3269831745876417	No data	0.5276738774106741	No data	No data	No data	No data	No data	No data	No data	No data	No data	No data	No data	No data	No data	No data	No data	0.06822334506530414	0.17345083209086024	No data	No data	0	0	0	0	0	0	No data	-0.3738554881412024	-0.2968332104456023	0	No data	No data	0	0.75	0
C10orf95	0.3268880603978845	No data	0.5377060377301665	No data	No data	No data	No data	No data	No data	No data	No data	No data	No data	No data	No data	No data	No data	No data	No data	No data	No data	No data	No data	No data	No data	No data	No data	0	No data	No data	No data	0	No data	No data	No data	0.5	0
IFNLR1	0.32678639805835397	No data	0.5375388109011755	No data	No data	No data	No data	No data	No data	No data	No data	No data	No data	No data	No data	No data	No data	No data	No data	No data	No data	0.7	0	0	0	0	0	0	No data	-0.3345835631549917	0	0	No data	No data	0	-1	0
FAS	0.3257781390918306	No data	0.5099788669780045	No data	No data	No data	No data	No data	No data	No data	No data	No data	No data	No data	No data	No data	No data	No data	0.5180286896694152	No data	No data	No data	1	1	0	0	0	0	1	-0.8246001103143961	-0.9709832496022177	0	255	255	0	-1	0
RGS13	0.32512779295970257	No data	0.5348105314569237	No data	No data	No data	No data	No data	No data	No data	No data	No data	No data	No data	No data	No data	No data	No data	No data	No data	No data	No data	No data	No data	0	0	0	0.1509450000000001	No data	-0.05107556536127966	0	0	No data	No data	0	1	0.5
TLR9	0.3250793938730525	0.5005550204834686	No data	No data	No data	No data	No data	No data	No data	No data	No data	No data	No data	No data	No data	No data	No data	No data	0.5386142800161201	No data	0.32603328675911236	1	0	0	1	1	0	0	0	0.2581356867071152	-0.4901107228622764	0	No data	No data	0	0.5	0.5
CTSF	0.3250190706938726	No data	0.530376176001971	No data	No data	No data	No data	No data	No data	No data	No data	No data	No data	No data	No data	No data	No data	No data	0.08511031166562696	No data	No data	No data	1	0	1	1	1	0	No data	0.5073359073359074	-0.6685046527169747	0	No data	No data	0	0.5	0
CH25H	0.3248924943808422	No data	0.5285931924088526	No data	No data	No data	No data	No data	No data	No data	No data	No data	No data	No data	No data	No data	No data	No data	0.09422927362980128	0.050347218208796396	No data	No data	0	0	0	0	0	0	No data	0.11296194153337002	0	0	No data	No data	0	0.5	0
ZC3H12C	0.32473056394456545	No data	0.5288377254107527	No data	No data	No data	No data	No data	No data	No data	No data	No data	No data	No data	No data	No data	No data	No data	0.10638788958203368	No data	No data	No data	0	0	0	0	0	0.5979599999999998	No data	-0.8071704357418643	-0.2513880957968287	0	No data	No data	0	-1	-1
HSBP1	0.32430129906656113	No data	0.5334510117609509	No data	No data	No data	No data	No data	No data	No data	No data	No data	No data	No data	No data	No data	No data	No data	No data	No data	No data	No data	1	0	0	0	0	0.4078949999999999	No data	0.7057915057915058	No data	0	No data	No data	0	-1	-1
GJA3	0.32386110003495994	No data	0.5327269177796448	No data	No data	No data	No data	No data	No data	No data	No data	No data	No data	No data	No data	No data	No data	No data	No data	No data	No data	No data	1	0	0	0	0	0	No data	0.9501378929950359	0	0	No data	No data	0	0.5	0.5
INSL6	0.3238542498709142	No data	0.5327156497799438	No data	No data	No data	No data	No data	No data	No data	No data	No data	No data	No data	No data	No data	No data	No data	No data	No data	No data	No data	0	1	0	0	0	0	No data	0.9740761169332597	0	0	No data	No data	0	0.75	0.5
NOTCH2	0.3228225990249369	No data	0.2932347630029744	No data	No data	No data	No data	No data	No data	No data	No data	0.4559480982087158	No data	No data	No data	No data	No data	No data	0.07928430818851558	No data	No data	0.2	1	0	0	1	0	0.6276800000000001	No data	-0.9800330943188086	-0.9636573052809768	0	No data	255	0	-1	-1
JAZF1	0.32272592588353083	No data	0.5291878328044063	No data	No data	No data	No data	No data	No data	No data	No data	No data	No data	No data	No data	No data	No data	No data	0.03343619386863916	No data	No data	No data	0	0	0	0	0	0.9794249999999998	No data	-0.7539988968560397	-0.37483691099318206	0	No data	No data	No data	0.5	-1
IRGM	0.3225602668825809	No data	0.5258380025704363	No data	No data	No data	No data	No data	No data	No data	No data	No data	No data	No data	No data	No data	No data	No data	0.0949828689968201	No data	No data	No data	1	0	0	0	0	0	No data	0.8404853833425261	-0.7155786146692078	0	No data	No data	0	No data	No data
ANGPT4	0.321470724349772	No data	0.5287949312861507	No data	No data	No data	No data	No data	No data	No data	No data	No data	No data	No data	No data	No data	No data	No data	No data	No data	No data	No data	0	1	0	0	0	0	No data	0.37484831770546045	No data	0	No data	No data	0	0.5	0
RUNX3	0.32131449796576655	No data	0.5053169004992967	No data	No data	No data	No data	No data	No data	No data	No data	No data	No data	No data	No data	No data	No data	No data	0.464421004958381	No data	No data	No data	0	0	0	0	0	0.5421700000000002	No data	-0.4377275234418092	-0.8994571556033687	0	No data	No data	-0.12650499999999987	0.5	0
NDFIP1	0.3208615874022748	No data	0.5277929472611756	No data	No data	No data	No data	No data	No data	No data	No data	No data	No data	No data	No data	No data	No data	No data	No data	No data	No data	No data	0	0	0	0	0	0.864255	No data	-0.592388306674021	-0.8495068990517962	0	No data	No data	-0.027149999999999962	-1	-1
HDAC7	0.32051171547805657	No data	0.51900192526164	No data	No data	No data	No data	No data	No data	No data	No data	No data	No data	No data	No data	No data	No data	No data	0.037995674850726316	0.1474232184208181	No data	1	0	0	1	1	0	0.3138249999999999	No data	-0.8501930501930501	-0.8877072543201336	0	No data	No data	0	-1	-1
FOXI2	0.32014761598590946	No data	0.5266185184953189	No data	No data	No data	No data	No data	No data	No data	No data	No data	No data	No data	No data	No data	No data	No data	No data	No data	No data	No data	0	0	0	0	0	0	No data	0.9728626585769442	0	0	No data	No data	0	0.5	0.5
BANK1	0.31986802331238035	No data	0.5214295950041996	No data	No data	No data	No data	No data	No data	No data	No data	No data	No data	No data	No data	No data	No data	No data	0.07599134970145263	0.0418251279793595	No data	No data	1	0	0	0	0	0	No data	0.32586872586872584	0	0	No data	No data	0	1	0
LPP	0.3196712908068897	No data	0.5243151727506506	No data	No data	No data	No data	No data	No data	No data	No data	No data	No data	No data	No data	No data	No data	No data	0.030396539880581056	No data	No data	No data	1	0	0	0	0	0.4771250000000002	No data	-0.34120242691671265	-0.8485095071260484	0	No data	No data	0	0.5	-1
PHYKPL	0.3194180923243203	No data	0.5254185074669991	No data	No data	No data	No data	No data	No data	No data	No data	No data	No data	No data	No data	No data	No data	No data	No data	No data	No data	No data	0	0	0	0	0	0.34444500000000033	No data	0.09343629343629334	-0.23763370379005083	0	No data	No data	-0.11666750000000015	-1	-1
FADS2	0.3192038411035114	No data	0.5121408784226072	No data	No data	No data	No data	No data	No data	No data	No data	No data	No data	No data	No data	No data	No data	No data	0.13209829623102515	0.1997936872179664	No data	No data	1	0	0	0	0	0.38063	No data	-0.7777164920022063	-0.8842619598320001	0	No data	No data	-0.06531500000000001	0.5	-1
GSDMB	0.31913872197379745	No data	0.5021411942461884	No data	No data	No data	No data	No data	No data	No data	No data	No data	No data	No data	No data	No data	No data	No data	0.45635540415316006	No data	No data	No data	0	0	0	0	0	No data	No data	0.1153888582460012	No data	0	No data	No data	0	0.5	0
FOS	0.31716906201661105	No data	0.5095783039163785	No data	No data	No data	No data	No data	No data	No data	No data	No data	No data	No data	No data	No data	No data	No data	0.16358694472744026	0.17010908063797164	No data	No data	0	0	1	1	0	0.6842100000000002	No data	-0.593050193050193	-0.9084862285588241	0	255	No data	0	-1	-1
CCDC93	0.31649612063099536	No data	0.5206120859058536	No data	No data	No data	No data	No data	No data	No data	No data	No data	No data	No data	No data	No data	No data	No data	No data	No data	No data	No data	1	0	0	0	0	0.5879550000000002	No data	0.030557087699944807	No data	0	No data	No data	No data	-1	-1
IFNG	0.3151669093700921	No data	0.47129774176745676	No data	No data	No data	No data	No data	No data	No data	No data	No data	No data	No data	No data	No data	No data	No data	0.9323352397463945	0.02300087511113324	No data	1	0	1	0	1	0	0	No data	0.22371759514616651	-0.9682076841562822	0	No data	No data	No data	0.75	0.5
MYO16	0.3138811405657741	No data	0.516310642262112	No data	No data	No data	No data	No data	No data	No data	No data	No data	No data	No data	No data	No data	No data	No data	No data	No data	No data	No data	0	0	0	0	0	0	No data	-0.5988968560397132	No data	0	No data	No data	0	0.5	0.5
LMO3	0.31373216063029297	No data	0.5160655815807541	No data	No data	No data	No data	No data	No data	No data	No data	No data	No data	No data	No data	No data	No data	No data	No data	No data	No data	No data	No data	No data	0	0	0	1	No data	-0.681081081081081	No data	0	No data	No data	-0.7413799999999998	0.5	0
PTGIR	0.313722682955233	No data	0.5101238293574315	No data	No data	No data	No data	No data	No data	No data	No data	No data	No data	No data	No data	No data	No data	No data	0.09937979844289972	0.043072751041793665	No data	1	1	0	1	1	0	0	1	0.9094318808604522	-0.8223536144498494	0	255	No data	0	0.5	0
TSPAN18	0.3133664185234184	No data	0.5154639635868781	No data	No data	No data	No data	No data	No data	No data	No data	No data	No data	No data	No data	No data	No data	No data	No data	No data	No data	No data	0	0	0	0	0	0.5362900000000004	No data	-0.31693325979040265	-0.23763370379005083	0	No data	No data	0	0.5	0
SERTAD4	0.3121376589786695	No data	0.5134427474392897	No data	No data	No data	No data	No data	No data	No data	No data	No data	No data	No data	No data	No data	No data	No data	No data	No data	No data	No data	0	0	0	0	0	0.05899000000000001	No data	-0.16337562051847765	No data	0	No data	No data	No data	-1	0
BTBD3	0.3113254011173638	No data	0.5121066449347006	No data	No data	No data	No data	No data	No data	No data	No data	No data	No data	No data	No data	No data	No data	No data	No data	No data	No data	No data	0	0	0	0	0	0.3486600000000003	No data	-0.6581356867071153	0	0	No data	No data	-0.2001925	0.5	-1
DENND1B	0.30975820191930953	No data	0.5087012598927817	No data	No data	No data	No data	No data	No data	No data	No data	No data	No data	No data	No data	No data	No data	No data	0.01654922726831635	No data	No data	No data	0	0	0	0	0	0.19354999999999975	No data	-0.2900165471594043	-0.1427159954401025	0	No data	No data	0	-1	0
FYB1	0.30941291266460746	No data	0.5044012656690097	No data	No data	No data	No data	No data	No data	No data	No data	No data	No data	No data	No data	No data	No data	No data	0.09118961964174316	No data	No data	No data	1	0	0	0	0	0	No data	-0.7560948703805846	-0.08884538371378592	0	No data	No data	0	0.75	0
SH2B3	0.30934447450283986	No data	0.507176361378279	No data	No data	No data	No data	No data	No data	No data	No data	No data	No data	No data	No data	No data	No data	No data	0.03343619386863916	No data	No data	No data	0	0	0	0	0	0	No data	0.5607280750137893	0	0	No data	255	0	0.5	-1
IL13	0.3088239901445982	0.4770568064591193	No data	No data	No data	No data	No data	No data	No data	No data	No data	No data	No data	No data	No data	No data	No data	No data	0.618704147305518	No data	No data	1	0	1	0	0	1	0	No data	0.5741864313292884	-0.8039416059473689	0	255	No data	No data	1	1
VDR	0.3084921277591748	0.4574155756062838	No data	No data	No data	No data	No data	No data	No data	No data	No data	No data	No data	No data	No data	No data	No data	No data	0.8860498144520117	No data	0.25776265818732735	1	0	0	1	1	1	0.4028100000000002	0	-0.4177606177606178	-0.9595381983127312	0	255	No data	0	1	0
ADGRL2	0.30835399668218666	No data	0.4891285825074806	No data	No data	No data	No data	No data	No data	No data	No data	No data	No data	No data	No data	No data	No data	No data	0.3174749720860688	0.09974606197524596	No data	No data	1	0	0	0	0	0.7753549999999997	No data	-0.885273028130171	-0.8188267397217849	0	No data	No data	-0.11504499999999993	-1	0
IRF8	0.3081114792821346	No data	0.49677652094180463	No data	No data	No data	No data	No data	No data	No data	No data	No data	No data	No data	No data	No data	No data	No data	0.20086933233995613	No data	No data	No data	0	0	0	0	0	0.4718299999999999	No data	-0.7285162713734142	-0.8355131936979223	0	No data	No data	0	0.5	0
ZNF831	0.3074585258904723	No data	0.5057459288102942	No data	No data	No data	No data	No data	No data	No data	No data	No data	No data	No data	No data	No data	No data	No data	No data	No data	No data	No data	No data	No data	0	0	0	0	No data	-0.2510755653612796	0	0	No data	No data	0	0.5	0.5
SMIM29	0.3070821431682271	No data	0.5051268078121084	No data	No data	No data	No data	No data	No data	No data	No data	No data	No data	No data	No data	No data	No data	No data	No data	No data	No data	No data	0	0	0	0	0	0.8039200000000001	No data	-0.27269718698290124	No data	0	No data	No data	0	0.5	-1
SKAP2	0.30699020381754155	No data	0.5033037648680388	No data	No data	No data	No data	No data	No data	No data	No data	No data	No data	No data	No data	No data	No data	No data	0.03343619386863916	No data	No data	No data	0	0	0	0	0	0.5125349999999997	No data	0.6893546607832322	-0.24739863377656407	0	No data	No data	0	-1	-1
CFAP90	0.30680163352709	No data	0.504665390752405	No data	No data	No data	No data	No data	No data	No data	No data	No data	No data	No data	No data	No data	No data	No data	No data	No data	No data	No data	0	0	0	0	0	0	No data	0.8926640926640927	No data	0	No data	No data	No data	0.75	0
ACTA2	0.30652394794665383	No data	0.4970082817011387	No data	No data	No data	No data	No data	No data	No data	No data	No data	No data	No data	No data	No data	No data	No data	0.13560234180059214	0.018909912012599808	No data	No data	0	0	0	0	0	1	No data	-0.7179260893546608	-0.8666059897249967	0	No data	No data	-0.980105	0.5	-1
PTGER4	0.3063808392366109	0.12158615952232422	0.470638164929946	No data	No data	No data	No data	No data	No data	No data	No data	No data	No data	No data	No data	No data	No data	No data	0.1322330078815013	No data	No data	1	1	0	1	1	0	0.4159849999999999	1	-0.6366243794815223	-0.9613358848383221	0	No data	No data	0	0.5	0
IL1R2	0.30623368075747487	No data	0.4690750962827684	No data	No data	No data	No data	No data	No data	No data	No data	No data	No data	No data	No data	No data	No data	No data	0.6701615423059722	0.05165901786314489	No data	No data	1	1	0	0	0	0	No data	0.5936017650303365	-0.18632064937848164	0	No data	No data	0	0.5	0
ANKRD12	0.3044260363298831	No data	0.5007577137494633	No data	No data	No data	No data	No data	No data	No data	No data	No data	No data	No data	No data	No data	No data	No data	No data	No data	No data	No data	0	0	0	0	0	0.06644000000000005	No data	-0.5909542195256481	-0.4157412905486202	0	No data	No data	No data	-1	-1
ERGIC1	0.3043389137976296	No data	0.4990945768053614	No data	No data	No data	No data	No data	No data	No data	No data	No data	No data	No data	No data	No data	No data	No data	0.030396539880581056	No data	No data	No data	0	0	0	0	0	0.9482750000000003	No data	-0.46100386100386104	-0.3074028175658705	0	No data	No data	0	-1	-1
IRX3	0.3041569530825947	No data	0.499574407286293	No data	No data	No data	No data	No data	No data	No data	No data	No data	No data	No data	No data	No data	No data	No data	No data	0.014813699074132046	No data	No data	0	0	0	0	0	0.6107799999999998	No data	0.061003861003861015	-0.8718418061045013	0	No data	No data	0	0.5	0
ADO	0.3040912914750146	No data	0.5002070838814199	No data	No data	No data	No data	No data	No data	No data	No data	No data	No data	No data	No data	No data	No data	No data	No data	No data	No data	No data	No data	No data	0	0	0	0.20370500000000008	No data	0.667953667953668	No data	0	No data	No data	No data	-1	-1
PNPLA1	0.30406090051140333	No data	0.4982773711793215	No data	No data	No data	No data	No data	No data	No data	No data	No data	No data	No data	No data	No data	No data	No data	No data	0.03759443749275692	No data	No data	0	0	0	0	0	0	No data	-0.04081632653061229	-0.7889941963873559	0	No data	No data	0	1	0.5
CACNA1C	0.3029535165917575	No data	0.4820175831946926	No data	No data	No data	No data	No data	No data	No data	No data	No data	No data	No data	No data	No data	No data	No data	0.30824482323211017	0.04075678066229087	No data	1	1	0	1	1	0	0.7708150000000004	No data	-0.9643684500827358	-0.9658759542135883	0	255	No data	-0.17212250000000004	0.5	0
DNMT3B	0.3028097942381192	No data	0.4842569732832029	No data	No data	No data	No data	No data	No data	No data	No data	No data	No data	No data	No data	No data	No data	No data	0.2768428990316827	No data	No data	No data	0	0	1	1	0	0.19694999999999965	No data	-0.7992277992277992	-0.945992834942429	0	No data	No data	0	0.5	0
NR1I2	0.3017790490474869	No data	0.46092674709774745	No data	No data	No data	No data	No data	No data	No data	No data	No data	No data	No data	No data	No data	No data	No data	0.7095374713225772	No data	No data	No data	0	0	1	1	1	0	0	0.3570876999448429	-0.011453818198359778	0	255	No data	0	0.75	0.5
METTL8	0.2997105559263607	No data	0.49300110654672236	No data	No data	No data	No data	No data	No data	No data	No data	No data	No data	No data	No data	No data	No data	No data	No data	No data	No data	No data	0	0	0	0	0	0	No data	-0.1944842801985659	No data	0	No data	No data	0	-1	-1
DNMT3A	0.29861982444238544	No data	0.4768313773660162	No data	No data	No data	No data	No data	No data	No data	No data	No data	No data	No data	No data	No data	No data	No data	0.28751117424383216	No data	No data	1	0	0	1	1	0	0.7971499999999999	No data	1	-0.8506486852949796	0	No data	255	0	-1	-1
FKBP5	0.29803598946708026	No data	0.4724481139649914	No data	No data	No data	No data	No data	No data	No data	No data	No data	No data	No data	No data	No data	No data	No data	0.332187347324455	0.05350907452577481	No data	No data	0	0	1	1	0	0.35448499999999966	1	-0.5374517374517375	-0.6225969290944383	0	255	No data	0	0.5	-1
REL	0.2979384323869638	No data	0.48627412652543894	No data	No data	No data	No data	No data	No data	No data	No data	No data	No data	No data	No data	No data	No data	No data	0.07623942723625213	No data	No data	No data	0	0	0	0	0	0	No data	-0.7759514616657474	-0.7959582839306256	0	No data	No data	0	0.5	-1
MBOAT1	0.2972262499669022	No data	0.4889146118844704	No data	No data	No data	No data	No data	No data	No data	No data	No data	No data	No data	No data	No data	No data	No data	No data	No data	No data	No data	0	0	0	0	0	0.13131500000000002	No data	0.4270270270270271	0	0	No data	No data	0	-1	-1
PPP5C	0.29709598506582396	No data	0.47441396226974153	No data	No data	No data	No data	No data	No data	No data	No data	No data	No data	No data	No data	No data	No data	No data	0.28572747487746186	No data	No data	0.2	0	0	1	1	1	0.8897799999999997	No data	-0.7345835631549917	-0.652301230541425	0	No data	No data	0	-1	-1
MRPS31	0.2961327677073536	No data	0.48711591659901254	No data	No data	No data	No data	No data	No data	No data	No data	No data	No data	No data	No data	No data	No data	No data	No data	No data	No data	No data	0	0	0	0	0	0	No data	0.10888030888030897	No data	0	No data	No data	No data	-1	-1
DOCK2	0.2957159777323019	No data	0.4836767342338782	No data	No data	No data	No data	No data	No data	No data	No data	No data	No data	No data	No data	No data	No data	No data	No data	0.05507189008659916	No data	No data	0	0	0	1	1	0.7540999999999997	No data	-0.7714285714285715	-0.6665512940060799	0	No data	No data	-0.009562500000000007	0.75	0
SAXO6	0.2955424440629588	No data	0.4861448790290885	No data	No data	No data	No data	No data	No data	No data	No data	No data	No data	No data	No data	No data	No data	No data	No data	No data	No data	No data	0	0	0	0	0	0	No data	-0.2778819635962493	-0.08552566710373993	No data	No data	No data	No data	-1	-1
ADCY3	0.29479912837867667	No data	0.4771123111916213	No data	No data	No data	No data	No data	No data	No data	No data	No data	No data	No data	No data	No data	No data	No data	0.14906969766434958	0.016037329314201557	No data	No data	1	0	1	1	0	0.7290199999999999	No data	-0.44169884169884166	-0.8973939565113805	0	No data	No data	0	-1	-1
TMEM266	0.2945042545938934	No data	0.4844371361854225	No data	No data	No data	No data	No data	No data	No data	No data	No data	No data	No data	No data	No data	No data	No data	No data	No data	No data	No data	1	0	No data	No data	No data	0.43594500000000025	No data	-0.08041919470490899	0	0	No data	No data	0	0.75	0.5
SCN7A	0.2944785277438195	No data	0.4798353364884833	No data	No data	No data	No data	No data	No data	No data	No data	No data	No data	No data	No data	No data	No data	No data	0.09118961964174316	No data	No data	1	1	0	1	1	0	0	No data	0.2736900165471594	No data	0	No data	No data	0	0.5	0
CEP43	0.2936786638764661	No data	0.4830791021449185	No data	No data	No data	No data	No data	No data	No data	No data	No data	No data	No data	No data	No data	No data	No data	No data	No data	No data	No data	0	0	0	0	0	0.23558999999999983	No data	0.33789299503585224	-0.6891059635184138	0	No data	No data	No data	0.5	-1
USP25	0.29323689686206766	No data	0.4519558890703917	No data	No data	No data	No data	No data	No data	No data	No data	No data	No data	No data	No data	No data	No data	No data	0.607930797611621	No data	No data	No data	0	0	1	1	0	0.6622199999999999	No data	-0.5258687258687258	-0.031001120182822806	0	No data	No data	0	0.5	-1
CHRM3	0.2924622386472016	No data	0.4786366661736354	No data	No data	No data	No data	No data	No data	No data	No data	No data	No data	No data	No data	No data	No data	No data	0.03951550184475537	0.02095801847307062	No data	1	1	0	1	1	0	0.5762700000000003	0	-0.7720904578047435	-0.8246355290964752	0	255	No data	0	0.5	0
MAX	0.29193793223178144	No data	0.46180049369091336	No data	No data	No data	No data	No data	No data	No data	No data	No data	No data	No data	No data	No data	No data	No data	0.3683047415530404	No data	No data	No data	0	0	1	1	0	0.96875	No data	-0.8964147821290679	-0.4365980494152055	-1	No data	255	No data	-1	-1
IPMK	0.29142449160253453	No data	0.4767961564607553	No data	No data	No data	No data	No data	No data	No data	No data	No data	No data	No data	No data	No data	No data	No data	0.015198269940290528	0.044745282556640335	No data	No data	0	0	1	1	0	0.026440000000000196	No data	-0.5694429123000552	-0.6073766948412518	0	No data	No data	0	0.5	0
HMGXB4	0.29133230148583544	No data	0.4792195141789053	No data	No data	No data	No data	No data	No data	No data	No data	No data	No data	No data	No data	No data	No data	No data	No data	No data	No data	No data	0	0	0	0	0	0.34275999999999984	No data	-0.43552123552123556	-0.5543584523369216	0	No data	No data	0	-1	-1
OLIG3	0.29101994181451757	No data	0.47399424255653605	No data	No data	No data	No data	No data	No data	No data	No data	No data	No data	No data	No data	No data	No data	No data	0.09422927362980127	No data	No data	No data	0	0	0	0	0	0.9264699999999998	No data	0.6028681742967457	-0.6520772437423272	0	No data	No data	0	No data	No data
RGS14	0.2909274036074152	No data	0.4766020428913284	No data	No data	No data	No data	No data	No data	No data	No data	No data	No data	No data	No data	No data	No data	No data	0.03495602086266821	0.009163979081727655	No data	No data	1	0	0	0	0	0.2579500000000003	No data	-0.38532818532818536	No data	0	No data	No data	0	1	0
CAMK2A	0.2909076783663104	No data	0.4760011858429364	No data	No data	No data	No data	No data	No data	No data	No data	No data	No data	No data	No data	No data	No data	No data	No data	0.05039711094601332	No data	No data	1	0	1	1	1	0.9897750000000002	No data	-0.9640375068946497	-0.8314376574803902	0	255	No data	-0.64724	0.75	0
MAML2	0.2907817442508132	No data	0.47269052945490475	No data	No data	No data	No data	No data	No data	No data	No data	No data	No data	No data	No data	No data	No data	No data	0.11246719755814989	No data	No data	No data	0	0	0	0	0	0.1825249999999997	No data	-0.880419194704909	-0.05373224667943238	0	No data	No data	0	-1	-1
EZH2	0.2906465856751434	No data	0.0372707768942808	No data	No data	No data	No data	No data	No data	No data	No data	0.4559480982087158	No data	No data	No data	No data	No data	No data	0.3600453619486337	No data	No data	1	0	0	1	1	0	0.88016	1	-0.9081081081081082	-0.8908091507147875	0	No data	No data	-0.11118500000000005	0.5	0
HNF4A	0.2906121744465002	No data	0.4646134781862813	No data	No data	No data	No data	No data	No data	No data	No data	No data	No data	No data	No data	No data	No data	No data	0.26842963388794516	No data	No data	1	0	0	1	1	0	0.6570799999999999	No data	-0.7523441809156095	-0.8975101676580024	0	255	No data	-0.20353999999999992	0.75	0.5
GPSM1	0.28965948789119333	No data	0.4764678628376439	No data	No data	No data	No data	No data	No data	No data	No data	No data	No data	No data	No data	No data	No data	No data	No data	No data	No data	No data	0	0	0	0	0	0.4814799999999998	No data	0.01731936017650293	-0.7508943034588406	0	No data	No data	0	0.5	0
IL2	0.28883265312273365	No data	0.45251138757770426	No data	No data	No data	No data	No data	No data	No data	No data	No data	No data	No data	No data	No data	No data	No data	0.4519278969990414	No data	No data	No data	0	1	1	1	0	0	0	-0.5113072255929398	-0.9038721574953418	0	No data	No data	No data	No data	No data
SLC24A2	0.2884163314577441	No data	0.47303806412811233	No data	No data	No data	No data	No data	No data	No data	No data	No data	No data	No data	No data	No data	No data	No data	No data	0.027698015464629935	No data	No data	1	0	0	0	0	0.37973	No data	-0.40044125758411475	No data	0	No data	No data	0	0.5	0.5
TXNL1	0.28834450810875817	No data	0.47430482094603166	No data	No data	No data	No data	No data	No data	No data	No data	No data	No data	No data	No data	No data	No data	No data	No data	No data	No data	No data	0	0	0	0	0	0.9307949999999998	No data	-0.4683949255377827	0	0	No data	No data	0	-1	-1
NKD1	0.2883317488000063	No data	0.4738378721850798	No data	No data	No data	No data	No data	No data	No data	No data	No data	No data	No data	No data	No data	No data	No data	No data	0.008919213338179256	No data	No data	0	0	0	0	0	0.36169999999999974	No data	-0.4243794815223386	-0.07566427855878799	0	No data	No data	0	0.5	0
KLHL1	0.2882448466583408	No data	0.46947586090435905	No data	No data	No data	No data	No data	No data	No data	No data	No data	No data	No data	No data	No data	No data	No data	0.0933004904667835	No data	No data	No data	0	0	0	0	0	0.752675	No data	-0.36558190843905125	-0.26414270736041856	0	No data	No data	-0.11096250000000012	1	0.5
POMC	0.2880816118364694	No data	0.46117764169448283	No data	No data	No data	No data	No data	No data	No data	No data	No data	No data	No data	No data	No data	No data	No data	0.2486039867199945	0.011904097957359359	No data	No data	0	1	0	0	0	0	No data	0.8456701599558742	-0.8971196201266165	0	No data	No data	No data	1	0
CARD11	0.2880133212980306	No data	0.06404118099508131	No data	No data	No data	No data	No data	No data	No data	No data	0.4559480982087158	No data	No data	No data	No data	No data	No data	0.03951550184475537	0.05884679519464713	No data	No data	0	0	0	0	0	0.6057200000000001	No data	-0.83430777716492	-0.3045562729804907	0	No data	255	0	0.5	0
MLN	0.28775449097418987	No data	0.46725466255131226	No data	No data	No data	No data	No data	No data	No data	No data	No data	No data	No data	No data	No data	No data	No data	0.12159250020371441	No data	No data	No data	0	1	0	1	0	No data	No data	0.7556536127964699	No data	0	No data	No data	No data	1	1
PELI2	0.2875744076260605	No data	0.47303806412811233	No data	No data	No data	No data	No data	No data	No data	No data	No data	No data	No data	No data	No data	No data	No data	No data	No data	No data	No data	0	0	0	0	0	0.7619050000000002	No data	-0.22239382239382244	-0.5840973535391736	0	No data	No data	-0.5297625	-1	-1
KCTD20	0.2875669991069785	No data	0.47302587767677434	No data	No data	No data	No data	No data	No data	No data	No data	No data	No data	No data	No data	No data	No data	No data	No data	No data	No data	No data	0	0	0	0	0	0.5346049999999998	No data	0.22095973524544954	No data	0	No data	No data	-0.015512499999999995	-1	-1
TEAD3	0.2868429460533102	No data	0.46976813644122617	No data	No data	No data	No data	No data	No data	No data	No data	No data	No data	No data	No data	No data	No data	No data	0.030396539880581056	0.024610587652301785	No data	No data	0	0	0	1	0	0.8735649999999999	1	-0.7574186431329288	-0.13173594722701215	0	No data	No data	-0.24137999999999984	-1	0
PBRM1	0.2861029452813347	No data	0.05759732251766956	No data	No data	No data	No data	No data	No data	No data	No data	0.4559480982087158	No data	No data	No data	No data	No data	No data	0.012158615952232422	No data	No data	No data	0	0	1	1	1	0.909035	1	-0.9366795366795366	-0.8459595894082841	0	No data	255	No data	-1	-1
ATP10A	0.28584132357400655	No data	0.4701872724609313	No data	No data	No data	No data	No data	No data	No data	No data	No data	No data	No data	No data	No data	No data	No data	No data	No data	No data	No data	1	0	0	0	0	0.049365000000000235	No data	-0.15874241588527305	-0.6017599046773083	0	No data	No data	0	0.5	0
ASAP2	0.2857158274422654	No data	0.46510835994550354	No data	No data	No data	No data	No data	No data	No data	No data	No data	No data	No data	No data	No data	No data	No data	0.09744961816048281	No data	No data	No data	1	0	0	0	0	0.71173	No data	-0.7258687258687259	No data	0	No data	No data	-0.0009949999999999902	0.5	0
SMYD2	0.28499720674010137	No data	0.4687987643655667	No data	No data	No data	No data	No data	No data	No data	No data	No data	No data	No data	No data	No data	No data	No data	No data	No data	No data	No data	0	0	1	1	1	0.6651249999999997	1	0.22559293987865425	-0.17073779750080204	0	No data	No data	0	0.75	-1
SOX4	0.28483874315552815	No data	0.4670235117671923	No data	No data	No data	No data	No data	No data	No data	No data	No data	No data	No data	No data	No data	No data	No data	0.03029184068765905	No data	No data	No data	0	0	0	0	0	0.061180000000000234	No data	-0.4092664092664092	-0.962285822915161	0	No data	No data	0	0.5	-1
COL28A1	0.2844026748047621	No data	0.4678208044765875	No data	No data	No data	No data	No data	No data	No data	No data	No data	No data	No data	No data	No data	No data	No data	No data	No data	No data	1	0	1	0	0	0	0.3066650000000003	No data	0.27324875896304457	-0.5346493706516381	0	No data	No data	0	0.5	0
NUDT3	0.2843061093501305	No data	0.4676619616362331	No data	No data	No data	No data	No data	No data	No data	No data	No data	No data	No data	No data	No data	No data	No data	No data	No data	No data	No data	0	0	0	0	0	0.7674399999999999	No data	-0.46552675124103693	No data	0	No data	No data	-0.4040700000000001	-1	-1
SATB2	0.2836073608074106	No data	0.4445373229658752	No data	No data	No data	No data	No data	No data	No data	No data	No data	No data	No data	No data	No data	No data	No data	0.4111814390152029	0.06372802912354383	No data	No data	0	0	0	0	0	0.9795349999999999	No data	-0.9983452840595698	-0.8716279954642572	0	No data	No data	0	0.75	0
PTPDC1	0.28186671160019006	No data	0.4636493375686186	No data	No data	No data	No data	No data	No data	No data	No data	No data	No data	No data	No data	No data	No data	No data	No data	No data	No data	No data	0	0	0	0	0	0	No data	-0.22559293987865414	0	0	No data	No data	0	-1	0
TMPRSS13	0.2818550033882917	No data	0.45313060696533597	No data	No data	No data	No data	No data	No data	No data	No data	No data	No data	No data	No data	No data	No data	No data	0.20998942967501408	No data	No data	No data	1	1	0	0	0	0.10934999999999988	No data	-0.0018753447324876271	0	0	No data	No data	0	0.5	0
TFDP1	0.28150381123167567	No data	0.46092674709774745	No data	No data	No data	No data	No data	No data	No data	No data	No data	No data	No data	No data	No data	No data	No data	0.042512938416312665	No data	No data	No data	0	0	0	0	0	0.7439050000000001	No data	-0.92719249862107	No data	0	No data	No data	-0.3597549999999998	0.5	-1
TSPAN9	0.2808483500046722	No data	0.46197421007134637	No data	No data	No data	No data	No data	No data	No data	No data	No data	No data	No data	No data	No data	No data	No data	No data	No data	No data	No data	0	0	0	0	0	0.8535550000000001	No data	-0.2279095421952565	0	0	No data	No data	0	0.5	0
TUFM	0.28061237119766363	No data	0.46014220720809246	No data	No data	No data	No data	No data	No data	No data	No data	No data	No data	No data	No data	No data	No data	No data	0.028876712886552	No data	No data	No data	0	0	0	1	0	0.64835	No data	-0.43232211803640375	0	0	No data	No data	0	-1	-1
SIRAL2	0.27959529076515705	No data	0.4599130227710187	No data	No data	No data	No data	No data	No data	No data	No data	No data	No data	No data	No data	No data	No data	No data	No data	No data	No data	No data	0	0	0	0	0	0.6218499999999999	No data	-0.20794263651406508	-0.4025292816482848	No data	No data	No data	0	-1	-1
SNRPC	0.27946743632991644	No data	0.4597027119334317	No data	No data	No data	No data	No data	No data	No data	No data	No data	No data	No data	No data	No data	No data	No data	No data	No data	No data	No data	0	0	0	0	0	0.9685549999999999	No data	-0.11230005515719799	No data	-1	No data	No data	No data	-1	-1
CNTN5	0.277867603738712	No data	0.45707110880115137	No data	No data	No data	No data	No data	No data	No data	No data	No data	No data	No data	No data	No data	No data	No data	No data	No data	No data	No data	1	0	0	0	0	0.5227249999999998	No data	-0.39591836734693875	-0.13173594722701215	0	No data	No data	0	0.5	0.5
TSPAN14	0.2776196269334908	No data	0.4566632057862105	No data	No data	No data	No data	No data	No data	No data	No data	No data	No data	No data	No data	No data	No data	No data	No data	No data	No data	No data	0	0	0	0	0	0.8703699999999998	No data	-0.45692222835079976	No data	0	No data	No data	0	-1	-1
MYRFL	0.2770911810260154	No data	0.4557939523949503	No data	No data	No data	No data	No data	No data	No data	No data	No data	No data	No data	No data	No data	No data	No data	No data	No data	No data	No data	0	0	0	0	0	0.03296500000000009	No data	-0.1002757859900717	No data	No data	No data	No data	0	1	0.5
RWDD1	0.2768599460145197	No data	0.4554135883594316	No data	No data	No data	No data	No data	No data	No data	No data	No data	No data	No data	No data	No data	No data	No data	No data	No data	No data	No data	0	0	0	0	0	0.8148150000000001	No data	-0.49961389961389957	-0.22859907785955452	0	No data	No data	No data	-1	-1
UST	0.27631889970439827	No data	0.4545236082626063	No data	No data	No data	No data	No data	No data	No data	No data	No data	No data	No data	No data	No data	No data	No data	No data	No data	No data	No data	0	0	0	0	0	0.8275849999999998	No data	-0.41114175399889685	0	0	No data	No data	0	-1	0
MAPK14	0.2754941397491847	No data	0.44265293118269194	No data	No data	No data	No data	No data	No data	No data	No data	No data	No data	No data	No data	No data	No data	No data	0.18545141383199437	0.05586474998564576	No data	0.7	0	0	1	1	1	0.73611	1	-0.6155543298400441	-0.9328831304876023	0	No data	No data	-0.35416750000000013	-1	-1
CD40LG	0.27518211649554003	0.12158615952232422	0.41389289923076533	No data	No data	No data	No data	No data	No data	No data	No data	No data	No data	No data	No data	No data	No data	No data	0.37639111914734547	No data	No data	0.7	1	1	0	1	1	0	No data	No data	-0.7191046177158996	0	No data	No data	0	0.5	0.5
SEPTIN9	0.27480367438185527	No data	0.4471424008319882	No data	No data	No data	No data	No data	No data	No data	No data	No data	No data	No data	No data	No data	No data	No data	0.09777553661586905	No data	No data	No data	0	0	1	1	0	0.49658500000000033	No data	-0.8059569773855488	-0.21227635348345625	0	No data	No data	0	-1	-1
ANKRD55	0.2742458918880393	No data	0.4500312035378716	No data	No data	No data	No data	No data	No data	No data	No data	No data	No data	No data	No data	No data	No data	No data	0.012158615952232422	0.01624545622265037	No data	No data	0	0	0	0	0	0.28339	No data	-0.21665747380033096	No data	0	No data	No data	0	0.5	0.5
DPCD	0.27419319856080504	No data	0.45102699129247675	No data	No data	No data	No data	No data	No data	No data	No data	No data	No data	No data	No data	No data	No data	No data	No data	No data	No data	No data	1	0	0	0	0	0.40886500000000014	No data	0.18378378378378368	-0.6743441246361678	0	No data	No data	No data	0.5	-1
PLA2G2C	0.27419319856080504	No data	0.45102699129247675	No data	No data	No data	No data	No data	No data	No data	No data	No data	No data	No data	No data	No data	No data	No data	No data	No data	No data	No data	0	1	1	1	0	0	No data	0.6253723110865967	0	No data	No data	No data	0	1	1
DNAI4	0.27417907255400104	No data	0.4430954753349059	No data	No data	No data	No data	No data	No data	No data	No data	No data	No data	No data	No data	No data	No data	No data	No data	0.15816559498019497	No data	No data	0	0	0	0	0	0	No data	-0.18367346938775508	0	0	No data	No data	0	0.5	0
OXTR	0.2739852772901045	No data	0.4455175648105826	No data	No data	No data	No data	No data	No data	No data	No data	No data	No data	No data	No data	No data	No data	No data	0.10334823559397559	No data	No data	1	1	0	1	1	0	0.60154	1	0.48703805846662984	-0.2764653031355166	0	No data	No data	0	1	0.5
WAPL	0.27380203536187886	No data	0.4503835575324781	No data	No data	No data	No data	No data	No data	No data	No data	No data	No data	No data	No data	No data	No data	No data	No data	No data	No data	No data	0	0	0	0	0	0.6806699999999999	No data	-0.9973524544953116	No data	-1	No data	No data	No data	-1	-1
TLL1	0.27314890714850026	No data	0.4493092112155214	No data	No data	No data	No data	No data	No data	No data	No data	No data	No data	No data	No data	No data	No data	No data	No data	No data	No data	No data	0	1	1	1	0	0.6841050000000003	No data	-0.7235521235521236	-0.9427152973356151	0	No data	No data	-0.2991125	0.5	0
CD80	0.2726862501579138	0.42555155832813474	No data	No data	No data	No data	No data	No data	No data	No data	No data	No data	No data	No data	No data	No data	No data	No data	0.4083725393781074	0.11600956349761285	No data	1	1	0	0	0	0	0	No data	-0.25570876999448433	0	0	No data	No data	0	0.5	0.5
GALNT10	0.2726758193036988	No data	0.44853101763385045	No data	No data	No data	No data	No data	No data	No data	No data	No data	No data	No data	No data	No data	No data	No data	No data	No data	No data	No data	1	0	0	1	1	0.76783	No data	-0.4606729178157749	No data	0	No data	No data	-0.28275250000000013	0.5	-1
PNOC	0.2724214551115849	No data	0.44744065522622983	No data	No data	No data	No data	No data	No data	No data	No data	No data	No data	No data	No data	No data	No data	No data	No data	0.013439052525107248	No data	No data	0	1	0	0	0	0.0625	No data	0.24302261445118578	No data	0	255	No data	0	0.75	0.5
GCKR	0.2720530987516757	No data	0.4411038273546972	No data	No data	No data	No data	No data	No data	No data	No data	No data	No data	No data	No data	No data	No data	No data	0.03343619386863916	0.11319671451528385	No data	No data	0	0	No data	No data	No data	0.3920000000000002	No data	0.29718698290126855	-0.6669541841444173	0	255	No data	No data	1	0.5
BLTP3A	0.27185624717300105	No data	0.4465749529138951	No data	No data	No data	No data	No data	No data	No data	No data	No data	No data	No data	No data	No data	No data	No data	0.012158615952232422	No data	No data	No data	0	0	0	0	0	0.17013999999999996	No data	-0.46707115278543854	No data	0	No data	No data	0	-1	-1
SLIT1	0.2716278931598614	No data	0.44680725869952054	No data	No data	No data	No data	No data	No data	No data	No data	No data	No data	No data	No data	No data	No data	No data	No data	No data	No data	No data	1	1	0	0	0	0.7196849999999998	No data	-0.7609487038058467	0	0	255	No data	-0.13787500000000003	0.75	0.5
ACOXL	0.270646062827266	No data	0.4369872255220145	No data	No data	No data	No data	No data	No data	No data	No data	No data	No data	No data	No data	No data	No data	No data	No data	0.16409993667618122	No data	No data	0	0	0	0	0	0	No data	0.4405956977385548	-0.8101241897397943	0	No data	No data	0	0.5	0
AMZ1	0.2706394439301587	No data	0.4451813347726755	No data	No data	No data	No data	No data	No data	No data	No data	No data	No data	No data	No data	No data	No data	No data	No data	No data	No data	No data	No data	No data	0	0	0	0	No data	0.9110865968008826	No data	0	No data	No data	0	0.5	1
ATP6V0A4	0.2705673872126377	No data	0.4430954753349059	No data	No data	No data	No data	No data	No data	No data	No data	No data	No data	No data	No data	No data	No data	No data	0.039346632178752144	No data	No data	No data	0	0	0	0	0	0.2738100000000003	No data	-0.09023717595146163	-0.8580278827786847	0	No data	No data	-0.05357249999999993	0.75	0.5
ZFP90	0.2705053045044203	No data	0.44289726715406497	No data	No data	No data	No data	No data	No data	No data	No data	No data	No data	No data	No data	No data	No data	No data	0.04126836897786887	No data	No data	No data	1	0	0	0	0	0.08019000000000034	No data	-0.3027027027027027	No data	0	No data	No data	0	-1	-1
HECW1	0.27023348273012787	No data	0.44390562862690625	No data	No data	No data	No data	No data	No data	No data	No data	No data	No data	No data	No data	No data	No data	No data	0.012158615952232422	No data	No data	No data	0	0	0	0	0	0.4302599999999998	No data	-0.7682294539437396	-0.2024466188616067	0	No data	No data	0	0.5	0.5
CACNG3	0.26983892235691065	No data	0.4438645375707685	No data	No data	No data	No data	No data	No data	No data	No data	No data	No data	No data	No data	No data	No data	No data	No data	No data	No data	1	0	0	1	0	0	0.9365099999999998	No data	-0.890126861555433	-0.5122418035566692	0	No data	No data	-0.3968250000000001	1	0.5
DCPH1	0.2697881682875112	No data	0.4437810509805203	No data	No data	No data	No data	No data	No data	No data	No data	No data	No data	No data	No data	No data	No data	No data	No data	No data	No data	No data	0	0	0	0	0	0	No data	0.2067291781577496	0	No data	No data	No data	No data	-1	-1
CALHM6	0.2688383156179906	No data	0.43644132866709423	No data	No data	No data	No data	No data	No data	No data	No data	No data	No data	No data	No data	No data	No data	No data	0.03495602086266821	0.10000972667418592	No data	No data	1	0	0	0	0	0	No data	0.9920573634859349	-0.022023425318627998	0	No data	No data	0	0.5	-1
KSR1	0.2682452130974331	No data	0.44066302250644673	No data	No data	No data	No data	No data	No data	No data	No data	No data	No data	No data	No data	No data	No data	No data	No data	0.011599686955371932	No data	No data	0	0	1	1	0	0.29418000000000005	No data	-0.7075565361279648	-0.2749342450650555	0	No data	No data	0	0.5	-1
PITX1	0.2681507357506291	No data	0.42937218273992284	No data	No data	No data	No data	No data	No data	No data	No data	No data	No data	No data	No data	No data	No data	No data	0.20956725551000607	0.0556673974765929	No data	No data	0	0	0	0	0	0.8407649999999997	No data	-0.6028681742967457	-0.8793790988476041	0	No data	No data	-0.10031749999999988	0.5	0
TRABD2A	0.2678357226803011	No data	0.4405694262119107	No data	No data	No data	No data	No data	No data	No data	No data	No data	No data	No data	No data	No data	No data	No data	No data	No data	No data	No data	1	0	0	0	0	No data	No data	0.47369001654715936	No data	0	No data	No data	0	0.75	0.5
LAMB1	0.26713931653613204	No data	0.4339259116233701	No data	No data	No data	No data	No data	No data	No data	No data	No data	No data	No data	No data	No data	No data	No data	0.10142818749151886	0.01919564941883352	No data	1	0	1	0	0	0	0.6388599999999997	No data	-0.5670159955874241	-0.7740092416924427	0	No data	No data	0	0.5	0
PRL	0.2670363496017759	No data	0.4300373585216589	No data	No data	No data	No data	No data	No data	No data	No data	No data	No data	No data	No data	No data	No data	No data	0.1843431934991039	No data	No data	No data	0	1	0	0	0	0	No data	0.6380584666298952	-0.8749605779834252	0	255	No data	0	1	0
TPD52L1	0.2666897372071723	No data	0.4364046266358018	No data	No data	No data	No data	No data	No data	No data	No data	No data	No data	No data	No data	No data	No data	No data	0.04559480982087158	No data	No data	No data	1	0	0	0	0	0.5343150000000001	No data	0.014892443463871974	0	0	No data	No data	0	0.5	0
DPP6	0.2664163371712008	No data	0.43454262927187265	No data	No data	No data	No data	No data	No data	No data	No data	No data	No data	No data	No data	No data	No data	No data	No data	0.07384031111824578	No data	No data	1	0	0	0	1	0.612715	No data	-0.36569222283507996	-0.1250770947412433	No data	255	No data	0	0.5	0
LACC1	0.26626201149175055	No data	0.43423078656541614	No data	No data	No data	No data	No data	No data	No data	No data	No data	No data	No data	No data	No data	No data	No data	0.07500008476201368	No data	No data	No data	0	0	0	0	0	0	No data	0.33072255929398797	-0.2500318922978764	0	No data	No data	No data	-1	0
TENM3	0.26617852563534167	No data	0.43723553211145266	No data	No data	No data	No data	No data	No data	No data	No data	No data	No data	No data	No data	No data	No data	No data	0.012158615952232422	No data	No data	No data	0	0	0	0	0	0.9166350000000001	No data	-0.8819635962493105	-0.43423810300908944	0	No data	No data	-0.25805749999999994	0.5	0
CD86	0.26586506626863704	0.42555155832813474	No data	No data	No data	No data	No data	No data	No data	No data	No data	No data	No data	No data	No data	No data	No data	No data	0.21237398515240005	0.052091481016009245	No data	1	1	0	0	0	0	0	No data	-0.6261445118587976	-0.3219251137133483	0	No data	No data	0	0.5	0
CPXM2	0.26581928376944286	No data	0.4372525373180099	No data	No data	No data	No data	No data	No data	No data	No data	No data	No data	No data	No data	No data	No data	No data	No data	No data	No data	No data	0	1	0	0	0	0.45767000000000024	No data	0.009597352454495223	-0.7441389837753545	0	No data	No data	0	0.5	0
TAGAP	0.2650724070772866	No data	0.43221149089928756	No data	No data	No data	No data	No data	No data	No data	No data	No data	No data	No data	No data	No data	No data	No data	0.03822871498981077	0.05925927946030979	No data	No data	0	0	0	0	0	0	No data	-0.3977937120794264	-0.21572577500366757	0	No data	No data	0	0.5	0
KDM4C	0.2650476412794284	No data	0.4359832440151438	No data	No data	No data	No data	No data	No data	No data	No data	No data	No data	No data	No data	No data	No data	No data	No data	No data	No data	No data	0	0	1	1	0	0.22348500000000016	1	-0.2656370656370657	-0.157005735446622	0	No data	No data	0	-1	-1
CNTN6	0.2650476412794284	No data	0.4359832440151438	No data	No data	No data	No data	No data	No data	No data	No data	No data	No data	No data	No data	No data	No data	No data	No data	No data	No data	No data	1	0	0	0	0	0.45525499999999963	No data	0.5281853281853282	0	0	No data	No data	-0.005349999999999966	0.5	0.5
EPHA4	0.26464085974925033	No data	0.43531411928618424	No data	No data	No data	No data	No data	No data	No data	No data	No data	No data	No data	No data	No data	No data	No data	No data	No data	No data	1	1	0	1	1	1	0.9290050000000001	0	-0.919911748483177	-0.3363979028321229	0	No data	No data	-0.11257500000000001	0.5	0
TNFRSF6B	0.26408082380495695	No data	0.41974995666660825	No data	No data	No data	No data	No data	No data	No data	No data	No data	No data	No data	No data	No data	No data	No data	0.2928589203295939	No data	No data	No data	0	1	0	0	0	No data	No data	0.887699944842802	No data	0	No data	No data	0	0.5	0
STK24	0.2638175100818822	No data	0.43209492129823357	No data	No data	No data	No data	No data	No data	No data	No data	No data	No data	No data	No data	No data	No data	No data	No data	0.03729700609248298	No data	No data	0	0	1	1	1	0.75638	1	-0.6519580805295091	-0.11059673298647571	0	255	No data	-0.2981449999999999	-1	-1
RPRM	0.2628691814569239	No data	0.4323998430243353	No data	No data	No data	No data	No data	No data	No data	No data	No data	No data	No data	No data	No data	No data	No data	No data	No data	No data	No data	0	0	0	0	0	0.8623849999999997	No data	0.6717043574186432	No data	0	No data	No data	0	-1	0
XRCC2	0.26275256164642014	No data	0.4322080122913605	No data	No data	No data	No data	No data	No data	No data	No data	No data	No data	No data	No data	No data	No data	No data	No data	No data	No data	No data	0	0	0	0	0	0	No data	0.40044125758411475	-0.8307367379260341	0	No data	No data	0	0.5	0
ELANE	0.2622561034181346	0.42555155832813474	No data	No data	No data	No data	No data	No data	No data	No data	No data	No data	No data	No data	No data	No data	No data	No data	0.10809248739850076	0.019583707742291772	No data	1	0	1	1	1	0	0	1	0.44721456150027583	-0.791099224043163	0	255	No data	0	1	0
YES1	0.2609431845354414	No data	0.427407931942582	No data	No data	No data	No data	No data	No data	No data	No data	No data	No data	No data	No data	No data	No data	No data	0.03647584785669726	No data	No data	1	1	0	1	1	0	0.7974200000000004	1	-0.36580253723110867	No data	0	No data	No data	-0.36463999999999996	-1	-1
PCSK5	0.2608962416613034	No data	0.42411966909308046	No data	No data	No data	No data	No data	No data	No data	No data	No data	No data	No data	No data	No data	No data	No data	0.06079307976116211	0.07367760901742991	No data	No data	0	1	1	1	0	0.06200499999999991	No data	-0.4039713182570326	-0.9579491715870894	0	No data	No data	0	0.5	-1
LRRK2	0.2607176648158311	No data	0.3839573333302553	No data	No data	No data	No data	No data	No data	No data	No data	No data	No data	No data	No data	No data	No data	No data	0.8462623808934577	0.11656391157636804	No data	No data	0	0	1	1	0	0.3312249999999999	1	-0.319249862107005	-0.8338069829657485	0	No data	No data	0	1	0
AHR	0.2604471672254307	No data	0.4019040196876125	No data	No data	No data	No data	No data	No data	No data	No data	No data	No data	No data	No data	No data	No data	No data	0.5229958733105976	0.01629000771478879	No data	1	0	0	1	1	0	0	No data	-0.5606177606177607	-0.981305803859534	0	255	No data	0	-1	-1
SGCZ	0.26026517167232804	No data	0.42811644465921506	No data	No data	No data	No data	No data	No data	No data	No data	No data	No data	No data	No data	No data	No data	No data	No data	No data	No data	No data	1	0	0	0	0	0.7596150000000002	No data	0.5442912300055158	No data	0	No data	No data	0	0.5	1
CEP128	0.26025497791700625	No data	0.4225387142612541	No data	No data	No data	No data	No data	No data	No data	No data	No data	No data	No data	No data	No data	No data	No data	No data	0.1112192488900015	No data	No data	0	0	0	0	0	0	No data	-0.020077220077220126	-0.2788869165908636	0	No data	No data	No data	0.5	0
HHEX	0.25996896646250595	No data	0.42702127878322643	No data	No data	No data	No data	No data	No data	No data	No data	No data	No data	No data	No data	No data	No data	No data	0.012158615952232422	No data	No data	No data	0	0	0	0	0	No data	No data	-0.49917264202978484	-0.9681644973004918	0	No data	No data	No data	0.5	0
CUL4A	0.25981463784334535	0.42555155832813474	No data	No data	No data	No data	No data	No data	No data	No data	No data	No data	No data	No data	No data	No data	No data	No data	0.03647584785669726	No data	No data	1	0	0	1	1	1	0.7562600000000004	No data	-0.8680639823496966	-0.3021956304470119	0	No data	No data	-0.5520425	0.5	-1
ERN1	0.2598062988715249	No data	0.41285474085395557	No data	No data	No data	No data	No data	No data	No data	No data	No data	No data	No data	No data	No data	No data	No data	0.29013785783146867	No data	No data	No data	0	0	1	1	0	0.6571150000000003	1	-0.6911196911196911	-0.7396669077692305	0	No data	No data	0	0.5	-1
SLC22A16	0.25979792142665453	No data	0.4273478534848426	No data	No data	No data	No data	No data	No data	No data	No data	No data	No data	No data	No data	No data	No data	No data	No data	No data	No data	No data	1	0	0	0	0	0	No data	0.48063982349696643	No data	0	255	No data	0	0.75	0.5
RBX1	0.25972224287967416	0.42555155832813474	No data	No data	No data	No data	No data	No data	No data	No data	No data	No data	No data	No data	No data	No data	No data	No data	0.03343619386863916	No data	No data	1	0	0	0	0	1	1	No data	0.4632101489244347	0	-1	255	No data	0	-1	-1
NPBWR1	0.2594094457261948	No data	0.4267088404557512	No data	No data	No data	No data	No data	No data	No data	No data	No data	No data	No data	No data	No data	No data	No data	No data	No data	No data	No data	1	0	1	1	0	0.23780500000000018	0	0.9221180364037507	-0.752758005612292	0	No data	No data	-0.024390000000000002	0.5	0.5
TMEM163	0.2592527157522558	No data	0.4231711686649831	No data	No data	No data	No data	No data	No data	No data	No data	No data	No data	No data	No data	No data	No data	No data	0.037995674850726316	0.04871029109230692	No data	No data	0	0	0	0	0	0.5501750000000001	No data	0.1033645890788748	-0.6901227771559054	0	No data	No data	No data	0.5	0
NDRG1	0.2592147397029625	No data	0.41826593289741104	No data	No data	No data	No data	No data	No data	No data	No data	No data	No data	No data	No data	No data	No data	No data	0.16245261869510544	No data	No data	No data	0	0	0	0	0	0.6827399999999997	No data	-0.40474351902923333	-0.8088945602281528	0	No data	255	-0.06091250000000006	-1	-1
DDB1	0.25907547813397597	0.42555155832813474	No data	No data	No data	No data	No data	No data	No data	No data	No data	No data	No data	No data	No data	No data	No data	No data	0.012158615952232422	No data	No data	1	0	0	1	1	1	0.9824550000000002	No data	-0.9591836734693877	-0.7231195836182238	-1	No data	No data	0	-1	-1
NRXN1	0.25888681538917135	No data	0.42584915323629025	No data	No data	No data	No data	No data	No data	No data	No data	No data	No data	No data	No data	No data	No data	No data	No data	No data	No data	No data	1	0	0	0	0	0.963505	No data	-0.8740209597352455	-0.33379179974214385	0	No data	No data	-0.22528250000000014	1	0
CRBN	0.25870589827929125	0.42555155832813474	No data	No data	No data	No data	No data	No data	No data	No data	No data	No data	No data	No data	No data	No data	No data	No data	No data	No data	No data	1	0	0	1	1	0	0.7850700000000004	1	0.310535024820739	-0.9094938363484895	0	No data	No data	No data	-1	-1
LIFR	0.25857611131236646	No data	0.42260238003341816	No data	No data	No data	No data	No data	No data	No data	No data	No data	No data	No data	No data	No data	No data	No data	0.0547137717850459	No data	No data	No data	1	1	0	0	0	0	No data	-0.28924434638720353	-0.8987547283976984	0	No data	No data	0	-1	0
STK32A	0.2573729429305745	No data	0.4225387142612541	No data	No data	No data	No data	No data	No data	No data	No data	No data	No data	No data	No data	No data	No data	No data	No data	0.016404674673513392	No data	No data	0	0	1	1	0	0.5328299999999999	No data	0.3270821842250413	-0.260584431250922	0	No data	No data	-0.21717249999999985	0.5	0
GFRA1	0.2568742975826331	No data	0.4225387142612541	No data	No data	No data	No data	No data	No data	No data	No data	No data	No data	No data	No data	No data	No data	No data	No data	No data	No data	0.15	0	0	0	0	0	0.6666649999999997	No data	-0.7450634307777164	-0.8677788474449766	0	No data	No data	0	-1	0
RAB44	0.2562441012209232	No data	0.4215020890990059	No data	No data	No data	No data	No data	No data	No data	No data	No data	No data	No data	No data	No data	No data	No data	No data	No data	No data	No data	0	0	0	0	0	0	No data	0.11340319911748487	-0.08945751874593927	No data	No data	No data	0	1	0.5
NLRP8	0.2562441012209232	No data	0.4215020890990059	No data	No data	No data	No data	No data	No data	No data	No data	No data	No data	No data	No data	No data	No data	No data	No data	No data	No data	No data	0	0	0	0	0	No data	No data	0.23298400441257594	No data	0	No data	No data	0	No data	No data
DLG2	0.25485947908159695	No data	0.4144454792705767	No data	No data	No data	No data	No data	No data	No data	No data	No data	No data	No data	No data	No data	No data	No data	0.09558023095782708	No data	No data	No data	1	0	0	0	0	0.676925	No data	-0.7470490899062328	-0.25208176952306205	0	No data	No data	-0.1538450000000001	0.5	0
NRIP2	0.2546283859543555	No data	0.41884436017177373	No data	No data	No data	No data	No data	No data	No data	No data	No data	No data	No data	No data	No data	No data	No data	No data	No data	No data	No data	0	0	0	0	0	0	No data	0.12068394925537773	No data	0	No data	No data	0	0.75	0
ZAP70	0.25343859398449614	No data	0.4148214588106874	No data	No data	No data	No data	No data	No data	No data	No data	No data	No data	No data	No data	No data	No data	No data	0.01823792392834863	0.033209934337093384	No data	No data	1	0	1	1	1	0.6768999999999998	No data	-0.5399889685603971	-0.22065157412402003	0	255	No data	0	0.5	0
ASCC2	0.25341997832078095	No data	0.41182025245380316	No data	No data	No data	No data	No data	No data	No data	No data	No data	No data	No data	No data	No data	No data	No data	0.012158615952232422	0.09532354906550218	No data	No data	0	0	0	0	0	0.346105	No data	-0.5779371207942636	-0.5228114106769374	0	No data	No data	No data	-1	-1
HTR1B	0.2532943923528106	No data	0.41278933577782795	No data	No data	No data	No data	No data	No data	No data	No data	No data	No data	No data	No data	No data	No data	No data	No data	0.07721412427352675	No data	1	1	0	1	1	0	0.6025649999999999	No data	-0.4107004964147821	-0.6837580055105471	0	255	No data	0	0.75	0.5
CACNA2D3	0.2519856057000795	No data	0.4144971873279917	No data	No data	No data	No data	No data	No data	No data	No data	No data	No data	No data	No data	No data	No data	No data	No data	No data	No data	1	0	0	1	0	0	0.9037599999999998	No data	-0.7360176503033646	-0.22574289577974915	0	No data	No data	0	0.5	0.5
NEK1	0.248931814875871	No data	0.40388899127708633	No data	No data	No data	No data	No data	No data	No data	No data	No data	No data	No data	No data	No data	No data	No data	0.11169884057783522	No data	No data	No data	0	0	1	1	0	0.08242499999999993	No data	-0.01709873138444562	-0.8838399357201034	0	No data	No data	0	-1	-1
AGBL4	0.24865729305009562	No data	0.4090223657478713	No data	No data	No data	No data	No data	No data	No data	No data	No data	No data	No data	No data	No data	No data	No data	No data	No data	No data	No data	0	0	0	0	0	0.32405499999999987	No data	0.24335355763927202	-0.7832676941189001	0	255	No data	0	0.5	0.5
ATXN10	0.24823411117066937	No data	0.40832626368972785	No data	No data	No data	No data	No data	No data	No data	No data	No data	No data	No data	No data	No data	No data	No data	No data	No data	No data	No data	1	0	0	0	0	0.13684000000000013	No data	-0.412134583563155	-0.6667694596549911	-1	No data	No data	No data	-1	-1
ZFP36L1	0.2475954849633599	No data	0.40636387587515516	No data	No data	No data	No data	No data	No data	No data	No data	No data	No data	No data	No data	No data	No data	No data	0.01823792392834863	No data	No data	No data	0	0	0	0	0	0.9260350000000003	No data	-0.6486486486486487	-0.9089219128763909	0	No data	No data	0	-1	-1
ZMIZ1	0.24686751349184294	No data	0.40483290049128523	No data	No data	No data	No data	No data	No data	No data	No data	No data	No data	No data	No data	No data	No data	No data	0.024908275735476142	No data	No data	No data	0	0	0	0	0	0.9015949999999997	No data	-0.9446221731936018	-0.9055760362408211	0	No data	No data	0	-1	-1
SORCS2	0.24640230426342816	No data	0.40303618880248093	No data	No data	No data	No data	No data	No data	No data	No data	No data	No data	No data	No data	No data	No data	No data	No data	0.04553783239230821	No data	No data	0	0	0	0	0	0.3011200000000002	No data	0.014671814671814776	-0.2690870929787825	0	No data	No data	0	0.5	0
ATP8A2	0.24573882479739453	No data	0.4027018800864958	No data	No data	No data	No data	No data	No data	No data	No data	No data	No data	No data	No data	No data	No data	No data	0.030396539880581056	No data	No data	No data	1	0	0	0	0	0.5707050000000002	No data	-0.39900717043574185	-0.9213150724473481	0	No data	No data	-0.15404000000000018	0.75	0.5
PPFIA2	0.24501811172504012	No data	0.40303618880248093	No data	No data	No data	No data	No data	No data	No data	No data	No data	No data	No data	No data	No data	No data	No data	No data	No data	No data	No data	0	0	0	0	0	0.9403350000000004	No data	-0.8358521787093216	-0.6949309914424728	0	No data	No data	-0.17860000000000015	0.75	0
NTMT2	0.24405473163951666	No data	0.4014515017142329	No data	No data	No data	No data	No data	No data	No data	No data	No data	No data	No data	No data	No data	No data	No data	No data	No data	No data	No data	0	0	0	1	0	0.68198	No data	0.3832322118036404	No data	0	No data	No data	0	0.5	1
HOOK1	0.24276624707733707	No data	0.3972702874569684	No data	No data	No data	No data	No data	No data	No data	No data	No data	No data	No data	No data	No data	No data	No data	0.012158615952232422	0.0358312705100656	No data	No data	0	0	0	0	0	0.6291200000000003	No data	0.0023166023166023564	0	0	No data	No data	0	0.5	0
CHLSN	0.24102129484586135	No data	0.3964617285269346	No data	No data	No data	No data	No data	No data	No data	No data	No data	No data	No data	No data	No data	No data	No data	No data	No data	No data	No data	0	0	0	0	0	0	No data	0.5346938775510204	0	No data	No data	No data	No data	-1	-1
TBX15	0.237878482049945	No data	0.38878882532743725	No data	No data	No data	No data	No data	No data	No data	No data	No data	No data	No data	No data	No data	No data	No data	No data	0.050064295874776565	No data	No data	0	0	0	0	0	0.9335549999999998	No data	-0.7192498621070049	-0.7595997272632479	0	No data	No data	0	0.5	0
CARMIL1	0.2376759423266305	No data	0.3909588776557931	No data	No data	No data	No data	No data	No data	No data	No data	No data	No data	No data	No data	No data	No data	No data	No data	No data	No data	No data	1	0	0	0	0	0.47483500000000023	No data	-0.5601765030336459	No data	0	No data	No data	0	-1	0
PKIB	0.2374552447807493	No data	0.38469475744584425	No data	No data	No data	No data	No data	No data	No data	No data	No data	No data	No data	No data	No data	No data	No data	No data	0.11802179010447124	No data	No data	No data	No data	0	0	0	0	No data	0.05824600110314404	No data	0	No data	No data	0	0.5	0
CCDC170	0.23691332023522138	No data	0.389704422223686	No data	No data	No data	No data	No data	No data	No data	No data	No data	No data	No data	No data	No data	No data	No data	No data	No data	No data	No data	0	0	0	0	0	0	No data	0.32906784335355765	No data	0	No data	No data	No data	0.5	0
ILRUN	0.23683231622829315	No data	0.38865928058675714	No data	No data	No data	No data	No data	No data	No data	No data	No data	No data	No data	No data	No data	No data	No data	0.01823792392834863	No data	No data	No data	0	0	0	0	0	0.7483199999999997	No data	-0.9634859349145063	-0.8795876281934825	0	No data	No data	No data	0.5	-1
C8orf33	0.23682818043525095	No data	0.3895643737176637	No data	No data	No data	No data	No data	No data	No data	No data	No data	No data	No data	No data	No data	No data	No data	No data	No data	No data	No data	1	0	0	0	0	0	No data	0.6465526751241037	No data	0	No data	No data	No data	-1	-1
SMAP1	0.23655782249525986	No data	0.38911965543549537	No data	No data	No data	No data	No data	No data	No data	No data	No data	No data	No data	No data	No data	No data	No data	No data	No data	No data	No data	1	0	0	0	0	0.35760000000000003	No data	-0.6991726420297849	-0.6512769802616875	0	No data	No data	0	-1	-1
KCNH7	0.23553623156009088	No data	0.3857010172597296	No data	No data	No data	No data	No data	No data	No data	No data	No data	No data	No data	No data	No data	No data	No data	No data	0.034763973199624355	No data	1	1	0	0	0	0	0.7198999999999998	No data	-0.690457804743519	No data	0	No data	No data	0	0.5	0.5
HELZ2	0.2353385141336426	No data	0.38559415877247183	No data	No data	No data	No data	No data	No data	No data	No data	No data	No data	No data	No data	No data	No data	No data	0.030396539880581056	No data	No data	No data	0	0	0	0	0	0	No data	0.042912300055157226	-0.8066105906506837	0	No data	No data	0	-1	0
UCP1	0.23491285490931849	No data	0.3833741546760548	No data	No data	No data	No data	No data	No data	No data	No data	No data	No data	No data	No data	No data	No data	No data	0.06079307976116211	No data	No data	No data	0	0	0	0	0	0	No data	0.4420297848869277	-0.839514781723519	0	No data	No data	0	0.5	1
DOK6	0.23447952706232106	No data	0.3857010172597296	No data	No data	No data	No data	No data	No data	No data	No data	No data	No data	No data	No data	No data	No data	No data	No data	No data	No data	No data	0	0	0	0	0	0.9848950000000002	No data	-0.4451185879757308	No data	0	No data	No data	-0.12386750000000006	0.5	0
SDK1	0.23402589053838752	No data	0.3849548196238873	No data	No data	No data	No data	No data	No data	No data	No data	No data	No data	No data	No data	No data	No data	No data	No data	No data	No data	No data	0	0	0	0	0	0.48712000000000016	No data	-0.33491450634307773	-0.3074028175658705	0	No data	No data	0	0.5	0
CFAP77	0.23378846546894858	No data	0.3845642734130822	No data	No data	No data	No data	No data	No data	No data	No data	No data	No data	No data	No data	No data	No data	No data	No data	No data	No data	No data	0	0	0	0	0	0.3838050000000003	No data	0.21963596249310524	No data	0	No data	No data	No data	0.75	0.5
ZPBP2	0.2337256640649438	No data	0.3800916413035118	No data	No data	No data	No data	No data	No data	No data	No data	No data	No data	No data	No data	No data	No data	No data	0.08738657137375903	No data	No data	No data	0	0	0	0	0	0	No data	0.42581356867071163	0	0	No data	No data	0	1	1
ERBB2	0.23241219838401908	No data	0.22657858379313933	No data	No data	No data	No data	No data	No data	No data	No data	0.3039653988058105	No data	No data	No data	No data	No data	No data	0.9288757758212166	0.08389519210946178	No data	1	1	0	1	1	1	0.38247	1	-0.6678433535576394	-0.9660855487877462	0	255	No data	0	-1	-1
TUBA3C	0.23151708869126753	No data	0.38082803108648083	No data	No data	No data	No data	No data	No data	No data	No data	No data	No data	No data	No data	No data	No data	No data	No data	No data	No data	1	0	0	1	1	0	1	No data	-0.07644787644787643	0	0	No data	No data	-1	1	1
MTMR3	0.23122321841829616	No data	0.37347586313724296	No data	No data	No data	No data	No data	No data	No data	No data	No data	No data	No data	No data	No data	No data	No data	0.13737547329362604	No data	No data	No data	0	0	0	0	0	0.37395500000000015	No data	-0.8843905129619415	-0.23926348447979723	0	No data	No data	0	0.5	-1
LRRC32	0.23095677529880956	No data	0.3763925282612572	No data	No data	No data	No data	No data	No data	No data	No data	No data	No data	No data	No data	No data	No data	No data	0.05506333199367259	0.03422984585762444	No data	No data	0	0	0	0	0	0	No data	-0.4317705460562603	-0.5301715868316481	0	No data	No data	0	-1	-1
SLC1A1	0.23092835615788762	No data	0.37575252470798154	No data	No data	No data	No data	No data	No data	No data	No data	No data	No data	No data	No data	No data	No data	No data	0.06839221473130737	0.03093638979651163	No data	No data	1	0	1	1	0	0.5038150000000001	No data	0.136900165471594	-0.2955739410184277	0	No data	No data	0	0.5	0
TSPAN4	0.23017082818897672	No data	0.37861353478594817	No data	No data	No data	No data	No data	No data	No data	No data	No data	No data	No data	No data	No data	No data	No data	No data	No data	No data	No data	1	0	0	0	0	0.6848750000000002	No data	0.7495863210148925	No data	0	No data	No data	0	-1	-1
TMEM132D	0.2297890271773312	No data	0.3779855011131264	No data	No data	No data	No data	No data	No data	No data	No data	No data	No data	No data	No data	No data	No data	No data	No data	No data	No data	No data	0	0	0	0	0	0.15377500000000027	No data	-0.6884721456150027	No data	0	No data	No data	-0.017287499999999945	1	1
IL27	0.22836011818972482	No data	0.3641384549777296	No data	No data	No data	No data	No data	No data	No data	No data	No data	No data	No data	No data	No data	No data	No data	0.2299319870455164	No data	No data	No data	0	1	0	0	0	0	No data	-0.4328736900165472	-0.551606756503793	0	No data	No data	No data	1	0.5
IRX2	0.22800185211446258	No data	0.36641318713395143	No data	No data	No data	No data	No data	No data	No data	No data	No data	No data	No data	No data	No data	No data	No data	No data	0.17265093413003996	No data	No data	0	0	0	0	0	0.6072200000000002	No data	0.5167126309983452	No data	0	No data	No data	0	0.5	0
CPEB4	0.2261114043626004	No data	0.36255117138948917	No data	No data	No data	No data	No data	No data	No data	No data	No data	No data	No data	No data	No data	No data	No data	0.1641413153551377	0.05300341555300176	No data	No data	0	0	0	0	0	0.8010950000000001	No data	-0.8971869829012686	-0.8592980471395367	0	No data	No data	0	-1	-1
SLC9A4	0.22610373286808294	No data	0.3708325552467108	No data	No data	No data	No data	No data	No data	No data	No data	No data	No data	No data	No data	No data	No data	No data	No data	0.021818331270598477	No data	No data	1	0	0	0	0	0.1666649999999997	No data	0.17253171538885814	-0.2262502762772728	0	No data	No data	0	1	0.5
PHACTR3	0.22428336918265562	No data	0.36822286043697855	No data	No data	No data	No data	No data	No data	No data	No data	No data	No data	No data	No data	No data	No data	No data	No data	0.01412502673190517	No data	No data	0	0	0	0	0	0.436495	No data	-0.8846111417539989	No data	0	No data	No data	0	0.75	0
IL1RL2	0.22394426201333703	0.35547064693679514	0.03661095336503231	No data	No data	No data	No data	No data	No data	No data	No data	No data	No data	No data	No data	No data	No data	No data	0.15281071409209743	0.028170184396769746	No data	1	0	0	0	0	0	0	No data	0.4495311638168782	-0.2733371732431142	0	No data	No data	0	0.5	0
COMMD1	0.22361467180299105	No data	0.36691725916387435	No data	No data	No data	No data	No data	No data	No data	No data	No data	No data	No data	No data	No data	No data	No data	0.01823792392834863	No data	No data	No data	0	0	0	0	0	0.2105249999999998	No data	0.2594594594594595	No data	0	No data	No data	No data	-1	-1
PDCD1	0.22324208603983245	0.12158615952232422	0.3111044183507449	No data	No data	No data	No data	No data	No data	No data	No data	No data	No data	No data	No data	No data	No data	No data	0.8520457688097067	No data	No data	1	1	0	1	1	0	0	No data	-0.13414230557087703	-0.9377049566033746	0	No data	No data	No data	0.5	0.5
ZNF287	0.22239884696807458	No data	0.36582921582820505	No data	No data	No data	No data	No data	No data	No data	No data	No data	No data	No data	No data	No data	No data	No data	No data	No data	No data	No data	0	0	0	0	0	0.13928999999999975	No data	-0.6575841147269719	0	0	No data	No data	0	-1	0
RAMP3	0.22213475975254976	No data	0.353669343228859	No data	No data	No data	No data	No data	No data	No data	No data	No data	No data	No data	No data	No data	No data	No data	0.012158615952232422	0.22910555434327917	No data	1	1	0	1	0	0	0.18918999999999997	No data	0.7988968560397132	No data	0	No data	No data	0	-1	0
ZNF774	0.22076590527691037	No data	0.3631431507405675	No data	No data	No data	No data	No data	No data	No data	No data	No data	No data	No data	No data	No data	No data	No data	No data	No data	No data	No data	0	0	0	0	0	No data	No data	0.7655819084390514	No data	0	No data	No data	0	-1	0
CDH23	0.2207070446547596	No data	0.36304632948659915	No data	No data	No data	No data	No data	No data	No data	No data	No data	No data	No data	No data	No data	No data	No data	No data	No data	No data	No data	1	0	0	0	0	0.7182450000000002	No data	-0.45670159955874245	-0.7464020502782048	0	No data	No data	0	0.5	0
CUL2	0.21891364297700333	No data	0.35775747503109745	No data	No data	No data	No data	No data	No data	No data	No data	No data	No data	No data	No data	No data	No data	No data	0.046776897482894174	No data	No data	No data	0	0	0	0	0	0.8657699999999998	No data	-0.8818532818532818	No data	0	No data	No data	0	-1	-1
GRIN2B	0.21752027664531923	No data	0.355068649502997	No data	No data	No data	No data	No data	No data	No data	No data	No data	No data	No data	No data	No data	No data	No data	0.0547137717850459	No data	No data	1	1	0	1	1	0	0.9258749999999999	0	-0.9940430226144512	-0.9036090904800023	0	255	No data	0	1	1
IL1RAP	0.21724701970108382	0.35547064693679514	No data	No data	No data	No data	No data	No data	No data	No data	No data	No data	No data	No data	No data	No data	No data	No data	No data	0.03768408462868412	No data	1	0	1	0	0	0	0.4561399999999999	No data	-0.34903474903474907	0	0	No data	No data	0	1	-1
MYO3B	0.2164098777573267	No data	0.3543528172155175	No data	No data	No data	No data	No data	No data	No data	No data	No data	No data	No data	No data	No data	No data	No data	No data	0.03249998044031726	No data	No data	0	0	1	1	0	0.265475	No data	0.06431329288472143	-0.597784557999296	0	No data	No data	0	0.5	0.5
CDKN1A	0.21530799264327657	No data	0.33198214328542747	No data	No data	No data	No data	No data	No data	No data	No data	No data	No data	No data	No data	No data	No data	No data	0.4436631121809579	No data	No data	No data	0	0	0	1	0	0	No data	0.6798676227247655	-0.9261566180167491	0	255	No data	0	-1	-1
KCNK12	0.2152362947987425	No data	0.35315378454567714	No data	No data	No data	No data	No data	No data	No data	No data	No data	No data	No data	No data	No data	No data	No data	No data	0.017871536775587837	No data	No data	1	0	0	0	0	0.9534900000000001	No data	-0.08593491450634305	0	0	No data	No data	-0.03488249999999997	1	0.5
SCGN	0.2144124623945274	No data	0.16415038075233745	No data	No data	0.3039653988058105	No data	No data	No data	No data	No data	No data	No data	No data	No data	No data	No data	No data	0.07447152270742358	0.02155182922611264	0.2963662638356653	No data	0	0	0	0	0	0.23913000000000012	No data	0.5855488141202427	-0.5756594462782788	0	No data	No data	0	0.5	0
MYRIP	0.21315563656619108	No data	0.35062483658274274	No data	No data	No data	No data	No data	No data	No data	No data	No data	No data	No data	No data	No data	No data	No data	No data	No data	No data	No data	0	0	0	0	0	0	No data	-0.5236624379481523	-0.10002712586620749	0	No data	No data	0	0.5	0
NDC80	0.21281754132878658	No data	0.34854886859580336	No data	No data	No data	No data	No data	No data	No data	No data	No data	No data	No data	No data	No data	No data	No data	0.030396539880581056	No data	No data	No data	0	0	0	0	0	0.1978200000000001	No data	-0.16083838940981798	No data	-1	No data	No data	No data	0.5	0
EZR	0.21238398773191797	No data	0.34699980100330785	No data	No data	No data	No data	No data	No data	No data	No data	No data	No data	No data	No data	No data	No data	No data	0.04711463681490064	No data	No data	No data	1	0	0	1	0	0.8208199999999998	No data	-0.43861003861003856	-0.6221533744154703	0	255	No data	-0.41126250000000014	-1	-1
FUT2	0.21195378223225136	No data	0.3118036083528392	No data	No data	No data	No data	No data	No data	No data	No data	No data	No data	No data	No data	No data	No data	No data	0.73185985595695	0.011307434096367952	No data	No data	1	0	0	0	0	No data	No data	0.7974627688913403	-0.6077053086824593	0	255	No data	0	0.5	0
FASTKD3	0.21189359169207483	No data	0.34854886859580336	No data	No data	No data	No data	No data	No data	No data	No data	No data	No data	No data	No data	No data	No data	No data	No data	No data	No data	No data	0	0	0	0	0	0	No data	0.298400441257584	No data	0	No data	No data	0	-1	0
CRACR2A	0.20943664534815198	No data	0.344507378423607	No data	No data	No data	No data	No data	No data	No data	No data	No data	No data	No data	No data	No data	No data	No data	No data	No data	No data	No data	1	0	0	1	0	0.021889999999999788	No data	0.001985659128516337	No data	0	No data	No data	0	0.5	0
TSHR	0.20908311092768309	No data	0.14993315615378638	No data	No data	No data	No data	No data	No data	No data	No data	0.3039653988058105	No data	No data	No data	No data	No data	No data	0.012158615952232422	0.1046326771458326	No data	1	1	0	0	1	0	0.3390050000000002	0	0.07810259238830675	-0.8925474455384946	0	255	No data	0	1	0.5
SOX14	0.20884006474594893	No data	0.3435260486331986	No data	No data	No data	No data	No data	No data	No data	No data	No data	No data	No data	No data	No data	No data	No data	No data	No data	No data	No data	0	0	0	0	0	0.9791649999999997	No data	-0.40959735245449536	-0.8568084436912976	0	No data	No data	-0.15625	0.5	0.5
CACNB2	0.2083733211598224	No data	0.3427582908753086	No data	No data	No data	No data	No data	No data	No data	No data	No data	No data	No data	No data	No data	No data	No data	No data	No data	No data	1	1	0	1	1	0	0.2878799999999998	No data	-0.3331494760066188	-0.6463701179128734	0	No data	No data	-0.015152499999999947	0.5	0
TPRG1	0.20832845976124081	No data	0.34268449728110706	No data	No data	No data	No data	No data	No data	No data	No data	No data	No data	No data	No data	No data	No data	No data	No data	No data	No data	No data	0	0	0	0	0	0.1272750000000002	No data	0.506784335355764	-0.6922621656446051	0	No data	No data	0	0.5	0
SLC68A1	0.20816717681023905	No data	0.3424191990734239	No data	No data	No data	No data	No data	No data	No data	No data	No data	No data	No data	No data	No data	No data	No data	No data	No data	No data	No data	0	0	0	0	0	0.45841500000000013	No data	-0.21356867071152785	No data	No data	No data	No data	No data	0.5	0
TRANK1	0.20811950675547322	No data	0.34234078545306923	No data	No data	No data	No data	No data	No data	No data	No data	No data	No data	No data	No data	No data	No data	No data	No data	No data	No data	No data	0	0	0	0	0	0.048499999999999946	No data	-0.2980694980694981	-0.20283063593662803	0	No data	No data	0	-1	0
MUC19	0.20791095077741018	No data	0.3366753266467304	No data	No data	No data	No data	No data	No data	No data	No data	No data	No data	No data	No data	No data	No data	No data	0.02262853524443256	0.09639087439924458	No data	No data	0	1	No data	No data	No data	0	No data	No data	0	No data	No data	No data	0	0.5	1
LRRC7	0.20774662735758936	No data	0.34172742715743953	No data	No data	No data	No data	No data	No data	No data	No data	No data	No data	No data	No data	No data	No data	No data	No data	No data	No data	No data	1	0	No data	No data	No data	0.6761899999999997	No data	-0.9544401544401544	-0.6941895481969917	0	No data	No data	0	0.5	0.5
PPDPFL	0.20766443836760265	No data	0.34159223250977633	No data	No data	No data	No data	No data	No data	No data	No data	No data	No data	No data	No data	No data	No data	No data	No data	No data	No data	No data	No data	No data	0	0	0	No data	No data	0.36833976833976845	No data	0	No data	No data	0	1	0.5
HDGFL1	0.20741680954662192	No data	0.3411849019024875	No data	No data	No data	No data	No data	No data	No data	No data	No data	No data	No data	No data	No data	No data	No data	No data	No data	No data	No data	0	0	0	0	0	0	No data	No data	-0.4547431408224101	0	No data	No data	0	1	1
GAL3ST2	0.20650525777264875	No data	0.33968546845125525	No data	No data	No data	No data	No data	No data	No data	No data	No data	No data	No data	No data	No data	No data	No data	No data	No data	No data	No data	0	0	0	0	0	0	No data	0.8800882515168229	No data	0	No data	No data	0	1	1
FAM180A	0.2064486952858825	No data	0.3388250361393412	No data	No data	No data	No data	No data	No data	No data	No data	No data	No data	No data	No data	No data	No data	No data	No data	0.015347826322972992	No data	No data	0	1	0	0	0	0	No data	0.6120242691671263	No data	0	No data	No data	0	0.5	0
PRMT8	0.20513908713347367	No data	0.3374382214873864	No data	No data	No data	No data	No data	No data	No data	No data	No data	No data	No data	No data	No data	No data	No data	No data	No data	No data	No data	1	0	1	1	0	0.9238599999999998	1	-0.8922228350799779	-0.24702891011917832	0	No data	No data	-0.30837499999999984	1	0.5
DNLZ	0.2041747174402783	No data	0.3358519065696621	No data	No data	No data	No data	No data	No data	No data	No data	No data	No data	No data	No data	No data	No data	No data	No data	No data	No data	No data	0	0	0	0	0	0	No data	0.9843353557639272	No data	0	No data	No data	No data	-1	0
MS4A1	0.20416104532178025	0.3039653988058105	No data	No data	No data	No data	No data	No data	No data	No data	No data	No data	No data	No data	No data	No data	No data	No data	0.61538732874829	0.049259327835335015	No data	1	1	0	0	0	0	0	No data	0.036845008273579616	-0.06618660464602966	0	No data	No data	0	1	0
TRIB2	0.20400658312139577	No data	0.32366377713797406	No data	No data	No data	No data	No data	No data	No data	No data	No data	No data	No data	No data	No data	No data	No data	No data	0.2382312248817325	No data	No data	0	0	0	1	0	0.9125349999999998	No data	-0.9417539988968561	-0.8213767999225602	0	No data	No data	0	-1	-1
DLG1	0.20395248857177511	No data	0.33366256456266674	No data	No data	No data	No data	No data	No data	No data	No data	No data	No data	No data	No data	No data	No data	No data	0.03647584785669726	No data	No data	No data	1	0	0	0	0	0.8320250000000001	No data	-0.6995035852178709	-0.7328479866211784	0	No data	No data	-0.3057099999999998	-1	-1
PRR16	0.20363399448815261	No data	0.32779864619171095	No data	No data	No data	No data	No data	No data	No data	No data	No data	No data	No data	No data	No data	No data	No data	No data	0.14327624360950633	No data	No data	0	0	0	0	0	0.6381599999999998	No data	-0.5418643132928846	-0.2968332104456023	0	No data	No data	0	0.5	0
COL21A1	0.20325762377155646	No data	0.3343433571223815	No data	No data	No data	No data	No data	No data	No data	No data	No data	No data	No data	No data	No data	No data	No data	No data	No data	No data	No data	0	1	0	0	0	No data	No data	0.5493656922228352	No data	0	No data	No data	0	0.5	0
ANKRD30A	0.2028775409966354	No data	0.3337181498185004	No data	No data	No data	No data	No data	No data	No data	No data	No data	No data	No data	No data	No data	No data	No data	No data	No data	No data	No data	0	0	0	0	0	No data	No data	0.5064533921676779	No data	0	No data	No data	-0.24122999999999983	1	0.5
CDC73	0.20265897776069586	No data	0.32423966792738995	No data	No data	No data	No data	No data	No data	No data	No data	No data	No data	No data	No data	No data	No data	No data	0.18237923928348632	No data	No data	No data	0	0	0	0	0	1	No data	-0.7719801434087148	-0.7942001535646539	-1	No data	255	No data	-1	-1
MAGI3	0.2016442794954391	No data	0.322874531729035	No data	No data	No data	No data	No data	No data	No data	No data	No data	No data	No data	No data	No data	No data	No data	0.1762999313073701	No data	No data	No data	0	0	0	1	0	0	No data	-0.717815774958632	No data	0	No data	No data	0	0.5	0
VWF	0.2014331873772904	No data	0.2962403346051577	No data	No data	No data	No data	No data	No data	No data	No data	No data	No data	No data	No data	No data	No data	No data	0.6266177630731563	0.1696983763550725	No data	1	0	1	0	0	0	0.16814999999999997	No data	-0.5193601765030336	-0.8471951769997987	0	No data	No data	0	-1	0
LRRTM1	0.20121168846359497	No data	0.33097794889499876	No data	No data	No data	No data	No data	No data	No data	No data	No data	No data	No data	No data	No data	No data	No data	No data	No data	No data	No data	0	0	0	0	0	0.8563200000000002	No data	-0.8055157198014341	-0.3287149700208511	0	No data	No data	0	0.75	0.5
CEP72	0.20120750273980512	No data	0.3290712799546632	No data	No data	No data	No data	No data	No data	No data	No data	No data	No data	No data	No data	No data	No data	No data	0.037995674850726316	No data	No data	No data	0	0	0	0	0	0	No data	0.6132377275234417	0	0	255	No data	0	0.5	0
TM9SF2	0.20089203034681744	No data	0.33045213556553205	No data	No data	No data	No data	No data	No data	No data	No data	No data	No data	No data	No data	No data	No data	No data	No data	No data	No data	No data	0	0	0	0	0	0.7812950000000001	No data	-0.9198014340871483	0	0	No data	No data	0	-1	-1
HDAC9	0.19972918871405884	No data	0.31632311723100515	No data	No data	No data	No data	No data	No data	No data	No data	No data	No data	No data	No data	No data	No data	No data	0.2443246429362212	No data	No data	1	0	0	1	1	0	0.6024299999999997	No data	-0.8177606177606178	-0.48380956040314754	0	No data	No data	0	-1	-1
SATB1	0.19896437845496784	No data	0.3265213810790122	No data	No data	No data	No data	No data	No data	No data	No data	No data	No data	No data	No data	No data	No data	No data	0.015198269940290528	No data	No data	No data	0	0	0	0	0	0.9148099999999999	No data	-0.9509100937672367	-0.858533107472352	0	No data	No data	0	0.75	-1
CTNNB1	0.19866858252203515	No data	0.06561886557310131	No data	No data	No data	No data	No data	No data	No data	No data	0.3039653988058105	No data	No data	No data	No data	No data	No data	0.2891077887586151	No data	No data	0.2	1	0	1	1	0	0.9936	No data	-0.9842250413678986	-0.9610337989605402	0	255	255	-0.12932249999999995	-1	-1
INHBA	0.19859087374521048	No data	0.30709886360256017	No data	No data	No data	No data	No data	No data	No data	No data	No data	No data	No data	No data	No data	No data	No data	0.12959902517417737	0.3337613150016579	No data	1	0	1	0	0	0	0.80047	No data	-0.9741864313292885	-0.79765311200674	0	No data	No data	0	0.5	0
HNF4G	0.19842561712458975	No data	0.31771405310481876	No data	No data	No data	No data	No data	No data	No data	No data	No data	No data	No data	No data	No data	No data	No data	0.16002596159463903	0.03058748607703634	No data	No data	0	0	0	0	0	0.75824	No data	-0.7704357418643133	-0.2684267109140778	0	No data	No data	-0.19230750000000008	1	0.5
KIAA0319	0.19707488451169547	No data	0.32417322051447955	No data	No data	No data	No data	No data	No data	No data	No data	No data	No data	No data	No data	No data	No data	No data	No data	No data	No data	No data	0	1	0	0	0	0	No data	-0.14340871483728623	-0.011453818198359778	0	No data	No data	0	0.75	0.5
TNFSF18	0.19643197244098892	No data	0.323115678976475	No data	No data	No data	No data	No data	No data	No data	No data	No data	No data	No data	No data	No data	No data	No data	No data	No data	No data	No data	1	0	0	0	1	0	No data	0.5349145063430778	0	0	No data	No data	No data	0.5	0.5
ZPLD1	0.19623455488906422	No data	0.3227909420940859	No data	No data	No data	No data	No data	No data	No data	No data	No data	No data	No data	No data	No data	No data	No data	No data	No data	No data	No data	0	0	0	0	0	0.5783149999999999	No data	0.1275234418091562	-0.22986827815066974	0	No data	No data	0	0.5	0.5
TRIB1	0.19589825260805852	No data	0.320554445183718	No data	No data	No data	No data	No data	No data	No data	No data	No data	No data	No data	No data	No data	No data	No data	0.015198269940290528	0.02691131725164667	No data	No data	1	0	0	1	0	0.69086	No data	-0.21334804191947054	-0.7726696943403083	0	No data	No data	0	0.5	-1
SMAD4	0.19582221210837875	No data	0.04158867371939593	No data	No data	No data	No data	No data	No data	No data	No data	0.3039653988058105	No data	No data	No data	No data	No data	No data	0.27052613955828986	No data	No data	No data	0	0	0	0	1	0.9184800000000003	No data	-0.9391064533921677	-0.8617086138107535	0	No data	255	0	-1	-1
NFIA	0.19563248570456782	No data	0.32180058400256994	No data	No data	No data	No data	No data	No data	No data	No data	No data	No data	No data	No data	No data	No data	No data	No data	No data	No data	No data	0	0	0	0	0	0.9607050000000001	No data	-0.9696635410921125	-0.8153266503919987	0	255	No data	-0.26817250000000004	-1	-1
SLC4A3	0.19549895433365705	No data	0.3189288844523276	No data	No data	No data	No data	No data	No data	No data	No data	No data	No data	No data	No data	No data	No data	No data	0.012158615952232422	0.047637182378803135	No data	No data	0	0	0	0	0	0.7767850000000003	No data	-0.6220628792057363	-0.6584870551164812	0	No data	No data	0	0.5	0
PSAT1	0.19523666122901384	No data	0.2917958694459171	No data	No data	No data	No data	No data	No data	No data	No data	No data	No data	No data	No data	No data	No data	No data	0.5583378570640228	0.06465242238054889	No data	No data	0	0	0	0	1	0.6216200000000001	No data	0.517484831770546	-0.580148293710376	0	No data	No data	0	0.5	0
TRPM3	0.19469054717540796	No data	0.31771405310481876	No data	No data	No data	No data	No data	No data	No data	No data	No data	No data	No data	No data	No data	No data	No data	0.01823792392834863	0.042636526863792774	No data	No data	0	0	0	0	0	0.8720199999999998	No data	-0.7088803088803088	-0.6627763863797128	0	No data	No data	0	1	0.5
PSORS1C1	0.19419757153740325	No data	No data	0.3194402591550677	No data	No data	No data	No data	No data	No data	No data	No data	No data	No data	No data	No data	No data	No data	No data	No data	No data	No data	0	0	0	0	0	No data	No data	0.27887479316050734	No data	0	255	No data	No data	1	0
MTARC2	0.19347757453665881	No data	0.3182559187604486	No data	No data	No data	No data	No data	No data	No data	No data	No data	No data	No data	No data	No data	No data	No data	No data	No data	No data	No data	0	0	0	0	0	0	No data	0.33226696083838947	-0.24151561637712204	0	No data	No data	-0.13432749999999985	0.5	0
MSH6	0.19319154395022511	No data	0.03987917345401685	No data	No data	No data	No data	No data	No data	No data	No data	0.3039653988058105	No data	No data	No data	No data	No data	No data	0.1732602598038023	No data	No data	No data	0	0	0	0	1	0.27205999999999975	No data	-0.21963596249310535	-0.6568011879463272	0	No data	255	0	-1	-1
HMGCR	0.1923390739553692	0.3039653988058105	No data	No data	No data	No data	No data	No data	No data	No data	No data	No data	No data	No data	No data	No data	No data	No data	0.24835545896594358	No data	No data	1	0	0	1	1	1	0.6734250000000003	1	-0.7436293436293436	-0.3074028175658705	-1	255	No data	No data	0.5	-1
DAOA	0.19230256496123926	No data	0.31632311723100515	No data	No data	No data	No data	No data	No data	No data	No data	No data	No data	No data	No data	No data	No data	No data	No data	No data	No data	No data	0	0	0	0	0	No data	No data	0.6535024820739106	No data	0	No data	No data	No data	No data	No data
CREB1	0.1918568133157269	No data	0.2930040334615659	No data	No data	No data	No data	No data	No data	No data	No data	No data	No data	No data	No data	No data	No data	No data	0.44781943318247586	0.008769802533870228	No data	No data	0	0	0	1	0	0.9847099999999998	No data	-0.962934362934363	-0.8724805630781415	0	No data	No data	0	-1	-1
SYNPR	0.19157580450575618	No data	0.31418399076889103	No data	No data	No data	No data	No data	No data	No data	No data	No data	No data	No data	No data	No data	No data	No data	No data	0.018873213960400648	No data	No data	0	0	0	0	0	0.7719299999999997	No data	0.05239933811362385	No data	0	No data	No data	-0.017544999999999967	1	0.5
DOCK5	0.19127338522063933	No data	0.3146301947065282	No data	No data	No data	No data	No data	No data	No data	No data	No data	No data	No data	No data	No data	No data	No data	No data	No data	No data	No data	0	0	0	1	0	0.695185	No data	-0.4669608383894098	0	0	No data	No data	-0.13101500000000002	-1	-1
MAP4K3	0.19035622217841566	No data	0.31160170415107585	No data	No data	No data	No data	No data	No data	No data	No data	No data	No data	No data	No data	No data	No data	No data	0.030396539880581056	No data	No data	No data	0	0	1	1	0	0.7986600000000003	No data	-0.29851075565361285	0	0	No data	No data	-0.13870250000000012	-1	-1
LIME1	0.19032021688520867	No data	0.311390495478341	No data	No data	No data	No data	No data	No data	No data	No data	No data	No data	No data	No data	No data	No data	No data	0.03343619386863916	No data	No data	No data	1	0	0	0	0	0	No data	0.9887479316050745	No data	0	No data	No data	0	1	0
MAP2K6	0.1902127299728864	No data	0.31084786082489396	No data	No data	No data	No data	No data	No data	No data	No data	No data	No data	No data	No data	No data	No data	No data	0.012158615952232422	0.03534890144636771	No data	No data	0	0	1	1	1	0.8952100000000002	No data	-0.5222283507997794	No data	0	255	No data	-0.4835325000000001	0.5	0
NREP	0.19019156807218643	No data	0.312433073327881	No data	No data	No data	No data	No data	No data	No data	No data	No data	No data	No data	No data	No data	No data	No data	No data	0.008352286303475643	No data	No data	0	0	0	0	0	0	No data	0.865526751241037	-0.2435791077952018	0	No data	No data	No data	0.5	-1
RAP1B	0.18958477706533777	No data	0.311852562512312	No data	No data	No data	No data	No data	No data	No data	No data	No data	No data	No data	No data	No data	No data	No data	No data	No data	No data	No data	1	0	0	0	0	1	No data	-0.9648097076668505	-0.7925263335962226	-1	No data	No data	-0.8777174999999999	-1	-1
CCNH	0.18924599805783163	No data	0.3112952967695053	No data	No data	No data	No data	No data	No data	No data	No data	No data	No data	No data	No data	No data	No data	No data	No data	No data	No data	No data	0	0	1	0	0	0.7523200000000003	No data	0.14881412024269158	No data	-1	No data	No data	0	-1	-1
CD300LD	0.18728810276192775	No data	0.3052496573698626	No data	No data	No data	No data	No data	No data	No data	No data	No data	No data	No data	No data	No data	No data	No data	No data	0.0565010061388703	No data	No data	1	0	0	0	0	0	No data	0.48714837286265866	-0.6772606412665291	0	No data	No data	0	No data	No data
ANKRD28	0.18691520994110095	No data	0.30746132730145453	No data	No data	No data	No data	No data	No data	No data	No data	No data	No data	No data	No data	No data	No data	No data	No data	No data	No data	No data	0	0	0	0	0	0.7368400000000002	No data	-0.7356867071152786	-0.011453818198359778	0	No data	No data	-0.06740499999999994	-1	-1
RNF220	0.18580798260159376	No data	0.30564002240317145	No data	No data	No data	No data	No data	No data	No data	No data	No data	No data	No data	No data	No data	No data	No data	No data	No data	No data	No data	0	0	0	0	0	0.8939950000000003	No data	-0.9701047986762272	-0.7541534428866303	0	No data	No data	No data	0.75	-1
EVX1	0.1855814228323714	No data	0.30526734878618667	No data	No data	No data	No data	No data	No data	No data	No data	No data	No data	No data	No data	No data	No data	No data	No data	No data	No data	No data	0	0	0	0	0	0.717445	No data	0.22548262548262543	0	0	No data	No data	0	0.5	0.5
MYCN	0.18446741464204744	No data	0.30222747179127796	No data	No data	No data	No data	No data	No data	No data	No data	No data	No data	No data	No data	No data	No data	No data	0.024148362238461615	No data	No data	No data	0	0	0	0	0	0.22413999999999987	No data	-0.878323221180364	-0.971536839340495	0	No data	255	0	0.5	0.5
SYNGR1	0.1842616648015741	No data	0.30218455084242857	No data	No data	No data	No data	No data	No data	No data	No data	No data	No data	No data	No data	No data	No data	No data	0.01823792392834863	No data	No data	No data	0	0	0	0	0	0.7210299999999996	No data	-0.11660231660231657	0	0	No data	No data	0	0.5	-1
SGCG	0.18392787059647547	No data	0.2987763666081934	No data	No data	No data	No data	No data	No data	No data	No data	No data	No data	No data	No data	No data	No data	No data	0.07542028618589344	No data	No data	No data	1	0	0	0	0	0.1752600000000001	No data	0.4029784886927743	-0.8656261859577365	0	No data	No data	0	0.75	0
BCL2L11	0.1828403813214405	No data	0.296871332794761	No data	No data	No data	No data	No data	No data	No data	No data	No data	No data	No data	No data	No data	No data	No data	0.07774421683456616	No data	No data	No data	0	0	1	1	0	0.3434350000000002	0	0.4271373414230557	-0.8714964556103318	0	255	No data	0	-1	-1
ACTB	0.18179833333237877	No data	0.2866698688992274	No data	No data	No data	No data	No data	No data	No data	No data	No data	No data	No data	No data	No data	No data	No data	0.24749169842382707	No data	No data	No data	0	0	0	0	0	1	No data	-0.9603971318257033	-0.9060048224468605	0	No data	No data	-0.9733325	-1	-1
TRIM42	0.18099778990580448	No data	0.29772762067144953	No data	No data	No data	No data	No data	No data	No data	No data	No data	No data	No data	No data	No data	No data	No data	No data	No data	No data	No data	No data	No data	0	0	0	0.3499299999999998	No data	0.2023166023166023	No data	0	No data	No data	0	1	1
SGCD	0.18089829464488028	No data	0.29621853895236505	No data	No data	No data	No data	No data	No data	No data	No data	No data	No data	No data	No data	No data	No data	No data	0.02279740491043579	0.009249719594677479	No data	No data	1	0	0	0	0	0.706895	No data	-0.153226696083839	-0.9421251953977213	0	No data	No data	0	0.5	0
CD28	0.17979460571353242	No data	0.27629654229551875	No data	No data	No data	No data	No data	No data	No data	No data	No data	No data	No data	No data	No data	No data	No data	0.38315848094096766	0.013230346234617052	No data	0.2	1	0	0	0	0	0	No data	-0.5261996690568119	-0.2597771164365384	0	No data	No data	0	0.75	0
SALL1	0.179597515090073	No data	0.2954242749267813	No data	No data	No data	No data	No data	No data	No data	No data	No data	No data	No data	No data	No data	No data	No data	No data	No data	No data	No data	0	0	0	0	0	0.5241700000000001	No data	-0.938334252619967	-0.9022114079854443	0	No data	No data	0	0.5	0
ENSG00000293584	0.17759839209530728	No data	0.2921358694000015	No data	No data	No data	No data	No data	No data	No data	No data	No data	No data	No data	No data	No data	No data	No data	No data	No data	No data	No data	No data	No data	No data	No data	No data	No data	No data	No data	No data	No data	255	No data	No data	No data	No data
FOXO1	0.17745530473331253	No data	0.2870240573788917	No data	No data	No data	No data	No data	No data	No data	No data	No data	No data	No data	No data	No data	No data	No data	0.0975288835139129	No data	No data	No data	0	0	0	1	0	0.6259549999999997	No data	-0.8474351902923332	-0.9683533731314433	0	255	No data	0	0.5	-1
SULT1A1	0.17680286380955368	No data	0.27705438788291875	No data	No data	No data	No data	No data	No data	No data	No data	No data	No data	No data	No data	No data	No data	No data	0.2277961833462158	0.10723899269868996	No data	No data	0	0	1	1	1	0	No data	0.541753998896856	-0.8482057158259265	0	255	No data	-0.8898299999999999	0.5	-1
CSRNP3	0.1754873496587697	No data	0.2886633648898973	No data	No data	No data	No data	No data	No data	No data	No data	No data	No data	No data	No data	No data	No data	No data	No data	No data	No data	No data	0	0	0	0	0	0.6923099999999998	No data	-0.8089354660783232	No data	0	255	No data	0	0.5	0
PIK3R1	0.17543070764154844	No data	0.26130054434730887	No data	No data	No data	No data	No data	No data	No data	No data	No data	No data	No data	No data	No data	No data	No data	0.5453929745052712	No data	No data	0.7	0	0	1	1	0	0.7997250000000001	No data	-0.8354109211252069	-0.9178001208142011	0	255	255	0	-1	-1
RNF216	0.1748492277319102	No data	0.287005771977179	No data	No data	No data	No data	No data	No data	No data	No data	No data	No data	No data	No data	No data	No data	No data	0.012158615952232422	No data	No data	No data	0	0	0	0	0	0.328275	No data	-0.2536127964699393	-0.20403251361534647	0	No data	No data	0	-1	-1
DYNLRB2	0.17297981446051708	No data	0.28453865989369714	No data	No data	No data	No data	No data	No data	No data	No data	No data	No data	No data	No data	No data	No data	No data	No data	No data	No data	No data	0	0	0	0	0	0.8958350000000003	No data	0.7531163816878104	-0.703433653170333	0	No data	No data	-0.42708249999999987	0.75	0
MEX3C	0.17297981446051708	No data	0.28453865989369714	No data	No data	No data	No data	No data	No data	No data	No data	No data	No data	No data	No data	No data	No data	No data	No data	No data	No data	No data	0	0	0	0	0	0.7344450000000002	No data	-0.41731936017650306	-0.6530078733909419	0	No data	No data	0	0.5	-1
HECW2	0.1729406938659517	No data	0.2772654886040621	No data	No data	No data	No data	No data	No data	No data	No data	No data	No data	No data	No data	No data	No data	No data	0.04002211084276505	0.12638881282345604	No data	No data	0	0	0	0	0	0.7519100000000002	No data	-0.6914506343077771	-0.6882134189171468	0	No data	No data	0	-1	0
FCGR2B	0.17288301402431147	No data	0.2782362902724418	No data	No data	No data	No data	No data	No data	No data	No data	No data	No data	No data	No data	No data	No data	No data	0.09806673340013317	0.0557911612821531	No data	0.7	1	0	0	0	0	0	No data	0.04600110314396022	-0.9110511792600087	0	No data	No data	-0.60484	1	-1
DHX35	0.17225903618328184	No data	0.28335303435857545	No data	No data	No data	No data	No data	No data	No data	No data	No data	No data	No data	No data	No data	No data	No data	No data	No data	No data	No data	0	0	0	0	0	0.7510649999999999	No data	0.06861555432984012	-0.9321145533386912	0	No data	No data	0	-1	-1
TSPYL5	0.1722304539762307	No data	0.28330601879831196	No data	No data	No data	No data	No data	No data	No data	No data	No data	No data	No data	No data	No data	No data	No data	No data	No data	No data	No data	0	0	0	0	0	0	No data	No data	-0.7115399816306917	0	No data	No data	0	0.5	-1
SLC35F4	0.17214622733371823	No data	0.28316747236696915	No data	No data	No data	No data	No data	No data	No data	No data	No data	No data	No data	No data	No data	No data	No data	No data	No data	No data	No data	0	0	0	0	0	0.762885	No data	-0.27865416436845003	No data	No data	No data	No data	0	0.75	0.5
FAT4	0.17142721773608327	No data	0.2805005033874309	No data	No data	No data	No data	No data	No data	No data	No data	No data	No data	No data	No data	No data	No data	No data	No data	0.02968505576115386	No data	No data	0	0	0	0	0	0.568535	No data	-0.8735797021511307	-0.8032900328343828	0	No data	255	0	-1	0
NR4A3	0.17100875410498548	No data	0.2805005033874309	No data	No data	No data	No data	No data	No data	No data	No data	No data	No data	No data	No data	No data	No data	No data	No data	0.015918237802866667	No data	No data	0	0	1	1	0	0.6246000000000003	No data	-0.7548814120242692	-0.8031147801556077	0	No data	No data	0	-1	0
INSL4	0.170857648279209	No data	0.27801425556327236	No data	No data	No data	No data	No data	No data	No data	No data	No data	No data	No data	No data	No data	No data	No data	No data	0.06067204209667083	No data	No data	0	1	0	0	0	No data	No data	0.8597904026475456	No data	0	No data	No data	0	1	0.5
RGPD4	0.17052489475478208	No data	0.2805005033874309	No data	No data	No data	No data	No data	No data	No data	No data	No data	No data	No data	No data	No data	No data	No data	No data	No data	No data	No data	0	0	0	0	0	No data	No data	0.4193050193050194	-0.8849519057575169	0	No data	No data	-0.9573374999999998	0.5	0.5
NDUFAF2	0.1703090577877787	No data	0.2801454679658807	No data	No data	No data	No data	No data	No data	No data	No data	No data	No data	No data	No data	No data	No data	No data	No data	No data	No data	1	0	0	0	0	0	0.023669999999999903	No data	0.24202978488692772	0	0	No data	No data	No data	-1	-1
TBX18	0.1698347803944757	No data	0.2793653176672508	No data	No data	No data	No data	No data	No data	No data	No data	No data	No data	No data	No data	No data	No data	No data	No data	No data	No data	No data	0	0	0	0	0	0.7199350000000002	No data	-0.6199669056811914	-0.9131255672337987	0	No data	No data	0	0.5	0
FAM13A	0.1685582296372433	No data	0.2772654886040621	No data	No data	No data	No data	No data	No data	No data	No data	No data	No data	No data	No data	No data	No data	No data	No data	No data	No data	No data	0	0	0	0	0	0	No data	-0.3722007722007722	-0.228693877359529	0	255	No data	0	-1	-1
RNF19A	0.16810249715096068	No data	0.2679123634225713	No data	No data	No data	No data	No data	No data	No data	No data	No data	No data	No data	No data	No data	No data	No data	0.17206959693474255	No data	No data	No data	0	0	0	0	0	0.6897350000000003	No data	-0.6429123000551572	-0.23763370379005083	0	No data	No data	0	-1	-1
OSGIN2	0.16809611207306724	No data	0.2765053403010125	No data	No data	No data	No data	No data	No data	No data	No data	No data	No data	No data	No data	No data	No data	No data	No data	No data	No data	No data	0	0	0	0	0	0.617485	No data	-0.7364589078874793	No data	0	No data	No data	0	-1	-1
PPP2R3A	0.16787161995232766	No data	0.27079150936790736	No data	No data	No data	No data	No data	No data	No data	No data	No data	No data	No data	No data	No data	No data	No data	No data	0.10689116881743081	No data	No data	0	0	0	0	0	0.27826000000000023	No data	-0.1351351351351351	0	0	No data	No data	0	0.75	0
MDFIC2	0.166676286807426	No data	0.274169835550769	No data	No data	No data	No data	No data	No data	No data	No data	No data	No data	No data	No data	No data	No data	No data	No data	No data	No data	No data	No data	No data	No data	No data	No data	0.07407499999999985	No data	No data	No data	No data	No data	No data	0	No data	No data
TMEM178A	0.1664949137039536	No data	0.27387149056777926	No data	No data	No data	No data	No data	No data	No data	No data	No data	No data	No data	No data	No data	No data	No data	No data	No data	No data	No data	0	0	0	0	0	0.9158250000000002	No data	-0.205184776613348	0	0	No data	No data	0	1	0
MNAT1	0.16492271505535888	No data	0.2662739572067004	No data	No data	No data	No data	No data	No data	No data	No data	No data	No data	No data	No data	No data	No data	No data	0.07734230702947845	0.0514921776563966	No data	No data	0	0	1	0	0	0.7734650000000002	No data	0.49476006618863755	No data	0	No data	No data	No data	-1	-1
PUSL1	0.1647232362927742	No data	0.26943738876132123	No data	No data	No data	No data	No data	No data	No data	No data	No data	No data	No data	No data	No data	No data	No data	0.030396539880581056	No data	No data	No data	0	0	0	0	0	0	No data	0.9988968560397131	No data	0	No data	No data	0	-1	-1
RIPOR2	0.16430013405351632	No data	0.25987619934319633	No data	No data	No data	No data	No data	No data	No data	No data	No data	No data	No data	No data	No data	No data	No data	0.030396539880581056	0.1941913338405448	No data	No data	0	0	0	0	0	0.38873000000000035	No data	-0.6859349145063431	-0.27021577314744305	0	255	No data	0	0.5	0
SPATA31F3	0.1640526164295406	No data	0.26985409700257734	No data	No data	No data	No data	No data	No data	No data	No data	No data	No data	No data	No data	No data	No data	No data	No data	No data	No data	No data	0	0	0	0	0	No data	No data	No data	-0.6658751251884567	No data	No data	No data	0	1	1
RGMB	0.16294535604701949	No data	0.2680327377510454	No data	No data	No data	No data	No data	No data	No data	No data	No data	No data	No data	No data	No data	No data	No data	No data	No data	No data	No data	0	0	0	0	0	0.4622450000000001	No data	-0.07424158852730278	No data	0	No data	No data	0	-1	0
APEH	0.16282322908587377	No data	0.2645726636195773	No data	No data	No data	No data	No data	No data	No data	No data	No data	No data	No data	No data	No data	No data	No data	0.06518369107724604	No data	No data	No data	0	0	0	0	0	0.56967	No data	-0.17087699944842805	No data	0	No data	No data	0	-1	-1
APOBR	0.16147782125244897	No data	0.2621991437118804	No data	No data	No data	No data	No data	No data	No data	No data	No data	No data	No data	No data	No data	No data	No data	0.06839221473130737	No data	No data	No data	1	0	0	0	0	0	No data	0.037617209045780475	No data	0	No data	No data	No data	0.75	0
PPP2R5C	0.16136388435722326	No data	0.26543133690738135	No data	No data	No data	No data	No data	No data	No data	No data	No data	No data	No data	No data	No data	No data	No data	No data	No data	No data	No data	0	0	0	0	1	0.1968899999999998	No data	-0.9573083287369002	-0.9333971551552491	0	No data	No data	-0.42573499999999986	-1	-1
ARHGEF10	0.16117440285059076	No data	0.25691258844913256	No data	No data	No data	No data	No data	No data	No data	No data	No data	No data	No data	No data	No data	No data	No data	0.1641413153551377	No data	No data	No data	0	0	0	0	0	0.01785500000000013	No data	0.1704357418643132	-0.2864483278147603	0	No data	No data	0	-1	0
PMAIP1	0.16099267168555073	No data	0.26099141930329534	No data	No data	No data	No data	No data	No data	No data	No data	No data	No data	No data	No data	No data	No data	No data	No data	0.07658601893028612	No data	No data	0	0	0	0	0	0	No data	0.8861555432984005	0	0	No data	No data	No data	0.5	0
CLCN3	0.1594905800286242	No data	0.26052610113980923	No data	No data	No data	No data	No data	No data	No data	No data	No data	No data	No data	No data	No data	No data	No data	0.03647584785669726	No data	No data	No data	0	0	0	0	0	0.87164	No data	-0.8528405956977385	-0.9018724394251065	0	No data	No data	-0.30929	-1	-1
RASSF10	0.15911817320533392	No data	0.2601550858630944	No data	No data	No data	No data	No data	No data	No data	No data	No data	No data	No data	No data	No data	No data	No data	No data	0.03164453446484816	No data	No data	0	0	0	0	0	0.32939000000000007	No data	-0.03982349696635412	0	No data	No data	No data	0	0.5	0
VSIR	0.1588772544311947	No data	0.25933991395444933	No data	No data	No data	No data	No data	No data	No data	No data	No data	No data	No data	No data	No data	No data	No data	0.04002211084276505	No data	No data	No data	1	0	0	1	0	0	No data	-0.5822393822393823	-0.5471037286182351	0	No data	No data	0	0.5	0
UBE2L3	0.15743276887454072	No data	0.25357390868351193	No data	No data	No data	No data	No data	No data	No data	No data	No data	No data	No data	No data	No data	No data	No data	0.1078208351329721	No data	No data	No data	0	0	0	0	0	1	No data	-0.8835079977937121	-0.6922621656446051	-1	No data	No data	-0.9350650000000001	-1	-1
PRR9	0.1568233006264426	No data	0.25796242145085363	No data	No data	No data	No data	No data	No data	No data	No data	No data	No data	No data	No data	No data	No data	No data	No data	No data	No data	No data	0	0	0	0	0	0	No data	0.9641478212906784	0	0	No data	No data	0	1	0.5
CCBE1	0.15606056873585178	No data	0.25670778540743	No data	No data	No data	No data	No data	No data	No data	No data	No data	No data	No data	No data	No data	No data	No data	No data	No data	No data	No data	1	1	0	0	0	0.49507499999999993	No data	-0.061996690568119184	-0.9050145042740184	0	No data	No data	No data	0.5	0
ICAM2	0.15560557088572075	No data	0.25211263492460134	No data	No data	No data	No data	No data	No data	No data	No data	No data	No data	No data	No data	No data	No data	No data	0.04886750394801413	0.05521538073166129	No data	No data	1	0	0	0	0	0	No data	0.3414230557087701	No data	0	No data	No data	0	0.5	-1
GNL3	0.1556025925627552	No data	0.25595444937823747	No data	No data	No data	No data	No data	No data	No data	No data	No data	No data	No data	No data	No data	No data	No data	No data	No data	No data	No data	0	0	0	0	0	0	No data	0.5881963596249311	-0.6792238176215878	-1	No data	No data	0	-1	-1
IRX4	0.15485647029383418	No data	0.25472713490124055	No data	No data	No data	No data	No data	No data	No data	No data	No data	No data	No data	No data	No data	No data	No data	No data	No data	No data	No data	0	0	0	0	0	0.10404499999999998	No data	0.28174296745725314	-0.8234771856607817	0	No data	No data	0	0.5	0.5
EGR2	0.15423953101214585	No data	0.24322432307445313	No data	No data	No data	No data	No data	No data	No data	No data	No data	No data	No data	No data	No data	No data	No data	0.1899783742536316	0.044508367882880887	No data	No data	0	0	0	0	0	0.44327499999999986	No data	-0.7937120794263651	-0.9421705094849492	0	No data	No data	0	0.5	0
PCDH15	0.15422205544067902	No data	0.2536835706408879	No data	No data	No data	No data	No data	No data	No data	No data	No data	No data	No data	No data	No data	No data	No data	No data	No data	No data	No data	1	0	1	0	0	0.04885000000000019	No data	-0.25471594043022616	-0.36367770441050273	0	No data	No data	0	0.75	0.5
ETS1	0.153693584387798	No data	0.240579274107109	No data	No data	No data	No data	No data	No data	No data	No data	No data	No data	No data	No data	No data	No data	No data	0.21896873842547177	0.057895418653305906	No data	No data	0	0	0	0	1	0.6804099999999998	No data	-0.8036403750689465	-0.9201767171548597	0	255	No data	0	0.5	-1
PRPF3	0.15345839834569813	No data	0.25242741270649627	No data	No data	No data	No data	No data	No data	No data	No data	No data	No data	No data	No data	No data	No data	No data	No data	No data	No data	No data	0	0	0	0	0	0.97804	No data	-0.9969111969111969	-0.7589710665833871	-1	No data	No data	No data	-1	-1
INPP5A	0.15142628603189814	No data	0.24908474225488642	No data	No data	No data	No data	No data	No data	No data	No data	No data	No data	No data	No data	No data	No data	No data	No data	No data	No data	No data	1	0	0	1	0	0.8543700000000001	No data	-0.8410369553226696	-0.8072589861830567	0	No data	No data	No data	-1	-1
NPVF	0.1513973293373558	No data	0.2490371106911359	No data	No data	No data	No data	No data	No data	No data	No data	No data	No data	No data	No data	No data	No data	No data	No data	No data	No data	No data	0	1	0	0	0	0	No data	0.8132377275234417	No data	0	No data	No data	No data	1	0.5
SNX13	0.15086140056401703	No data	0.2481555485537277	No data	No data	No data	No data	No data	No data	No data	No data	No data	No data	No data	No data	No data	No data	No data	No data	No data	No data	No data	0	0	0	0	0	0.8589350000000003	No data	-0.6819635962493105	-0.8186884993762197	0	No data	No data	0	-1	-1
CAMKV	0.14925652753639573	No data	0.24551565428627758	No data	No data	No data	No data	No data	No data	No data	No data	No data	No data	No data	No data	No data	No data	No data	No data	No data	No data	No data	0	0	0	0	0	0.7405200000000001	No data	-0.9552123552123553	0	0	No data	No data	0	1	0.5
VGLL1	0.1486015144944308	No data	0.2444382075694172	No data	No data	No data	No data	No data	No data	No data	No data	No data	No data	No data	No data	No data	No data	No data	No data	No data	No data	No data	0	0	0	0	0	0	No data	No data	No data	0	No data	No data	0	1	0
CCR3	0.14775826768774367	No data	0.23475597573080087	No data	No data	No data	No data	No data	No data	No data	No data	No data	No data	No data	No data	No data	No data	No data	0.146685257980384	0.043240138782407796	No data	No data	1	0	1	1	0	0	0	0.9528957528957529	-0.7838931262372018	0	No data	No data	-0.06338000000000008	0.5	0.5
RNF123	0.14753812722819093	No data	0.2426890162627461	No data	No data	No data	No data	No data	No data	No data	No data	No data	No data	No data	No data	No data	No data	No data	No data	No data	No data	No data	0	0	0	0	0	0.69178	No data	-0.5623827909542195	-0.6078789695597772	0	No data	No data	0	0.5	-1
KCNE2	0.14732917534051726	No data	0.23650134914042723	No data	No data	No data	No data	No data	No data	No data	No data	No data	No data	No data	No data	No data	No data	No data	No data	0.11687914266921325	No data	No data	1	0	0	0	0	0.22764000000000023	No data	0.7595146166574738	-0.3168563983763095	0	No data	No data	0	1	0.5
SRPK1	0.14710316326156123	No data	0.23972297490682695	No data	No data	No data	No data	No data	No data	No data	No data	No data	No data	No data	No data	No data	No data	No data	No data	0.045011173179529296	No data	No data	1	0	1	1	1	0.5725200000000001	1	-0.346607832322118	No data	0	No data	No data	-0.01144999999999996	-1	-1
FAP	0.1467831871644367	No data	0.21962510302644456	No data	No data	No data	No data	No data	No data	No data	No data	No data	No data	No data	No data	No data	No data	No data	0.328090244594501	0.24379118669886615	No data	0.2	1	1	1	1	1	0.480265	No data	-0.13403199117484832	No data	0	No data	No data	0	0.5	0
NLRP3	0.14493220012505154	No data	0.19343310298664007	No data	No data	No data	No data	No data	No data	No data	No data	No data	No data	No data	No data	No data	No data	No data	0.8993872213513924	No data	No data	No data	0	1	No data	No data	No data	0.13926500000000033	1	-0.5204633204633204	-0.9329033176554365	0	No data	No data	0	1	0
CCL7	0.14457817603385661	No data	0.21806942188915818	No data	No data	No data	No data	No data	No data	No data	No data	No data	No data	No data	No data	No data	No data	No data	0.3334913916253691	0.1384258426161661	No data	No data	0	1	1	0	0	0	No data	0.8075013789299503	0	0	No data	No data	-0.3434349999999998	1	0.5
CREM	0.14396483197672813	No data	0.21876960396386189	No data	No data	No data	No data	No data	No data	No data	No data	No data	No data	No data	No data	No data	No data	No data	0.36083225883239756	No data	No data	No data	0	0	0	0	0	0.3478250000000003	No data	-0.6512961941533371	-0.7899573433837936	0	No data	No data	-0.06354500000000005	0.5	-1
RNFT1	0.14307303413858138	No data	0.23534427717870637	No data	No data	No data	No data	No data	No data	No data	No data	No data	No data	No data	No data	No data	No data	No data	No data	No data	No data	No data	0	0	0	0	0	0	No data	-0.1231108659680088	-0.050455668472149384	0	No data	No data	0	0.5	-1
NFKBIZ	0.14202595113808103	No data	0.22277415418348434	No data	No data	No data	No data	No data	No data	No data	No data	No data	No data	No data	No data	No data	No data	No data	0.16276812092606316	0.12192052146101058	No data	No data	0	0	0	0	0	0	No data	-0.814561500275786	-0.676148665619074	0	No data	No data	0	1	-1
GRINA	0.14192154907359447	No data	0.23183644532156217	No data	No data	No data	No data	No data	No data	No data	No data	No data	No data	No data	No data	No data	No data	No data	No data	0.0322745272214667	No data	No data	0	0	0	0	0	0.36657500000000026	No data	-0.18753447324875894	No data	0	No data	No data	0	-1	-1
CISD1	0.14181935936829557	No data	0.22705078670148096	No data	No data	No data	No data	No data	No data	No data	No data	No data	No data	No data	No data	No data	No data	No data	0.12462581351038234	No data	No data	No data	0	0	1	1	0	0.3055549999999997	No data	0.5558742415885274	0	0	No data	No data	0	0.5	0
SLC22A5	0.1414990842566393	No data	0.2230658873202222	No data	No data	No data	No data	No data	No data	No data	No data	No data	No data	No data	No data	No data	No data	No data	0.099480709655897	0.14957358761576522	No data	No data	0	0	0	0	0	0.2728900000000003	No data	-0.009156094870380604	-0.8895337625817751	0	255	No data	-0.41202749999999994	0.5	0
BANF2	0.14054886728998306	No data	0.23119221438058027	No data	No data	No data	No data	No data	No data	No data	No data	No data	No data	No data	No data	No data	No data	No data	No data	No data	No data	No data	0	0	0	0	0	0.38888999999999996	No data	0.3634859349145063	No data	0	No data	No data	0	1	0.5
PRM3	0.13999647621174494	No data	0.23028357300164654	No data	No data	No data	No data	No data	No data	No data	No data	No data	No data	No data	No data	No data	No data	No data	No data	No data	No data	No data	0	0	0	0	0	0	No data	0.9392167677881964	0	No data	No data	No data	No data	1	0.5
PTPRK	0.13885487312341058	No data	0.22840572260679998	No data	No data	No data	No data	No data	No data	No data	No data	No data	No data	No data	No data	No data	No data	No data	No data	No data	No data	No data	1	0	0	0	0	0.9340299999999999	No data	-0.6774407060121346	0	0	No data	No data	-0.04340250000000001	-1	0
GPR18	0.13828643292113368	No data	0.22199930445897761	No data	No data	No data	No data	No data	No data	No data	No data	No data	No data	No data	No data	No data	No data	No data	0.1094275435700918	No data	No data	No data	1	0	1	1	0	0.2900300000000001	No data	0.43849972421400985	-0.015470268904061446	0	No data	No data	0	0.75	0.5
DAG1	0.13802097651882728	No data	0.2234845545028943	No data	No data	No data	No data	No data	No data	No data	No data	No data	No data	No data	No data	No data	No data	No data	0.07098943019443701	No data	No data	No data	1	0	0	0	0	0.6592199999999998	No data	-0.8886927744070601	-0.635245485143277	0	No data	No data	No data	-1	-1
CELSR1	0.13793830397429066	No data	0.2268980359544362	No data	No data	No data	No data	No data	No data	No data	No data	No data	No data	No data	No data	No data	No data	No data	No data	No data	No data	No data	1	0	0	0	0	0.06260499999999994	No data	-0.6157749586321015	-0.9161920466445755	0	No data	No data	0	0.5	0
PSMG1	0.13680245529071727	No data	0.22088803812490948	No data	No data	No data	No data	No data	No data	No data	No data	No data	No data	No data	No data	No data	No data	No data	0.08283225987124339	No data	No data	No data	0	0	0	1	0	0.2534700000000001	No data	-0.07313844456701601	-0.16620698445129006	0	No data	No data	No data	0.5	-1
CLPSL2	0.13644040357389725	No data	0.22443410353601256	No data	No data	No data	No data	No data	No data	No data	No data	No data	No data	No data	No data	No data	No data	No data	No data	No data	No data	No data	0	1	0	0	0	0	No data	0.5666850523993381	0	0	No data	No data	0	1	0.5
RPL3	0.134356615496975	No data	0.21887867258632687	No data	No data	No data	No data	No data	No data	No data	No data	No data	No data	No data	No data	No data	No data	No data	0.04255515583281348	No data	No data	1	0	0	1	1	0	0.9255600000000002	No data	-0.9744070601213458	No data	-1	No data	No data	-0.4416875000000001	-1	-1
STMN3	0.13404159817528175	No data	0.21744859681596637	No data	No data	No data	No data	No data	No data	No data	No data	No data	No data	No data	No data	No data	No data	No data	0.06079307976116211	No data	No data	No data	0	0	0	0	0	0.8055549999999997	No data	0.8787644787644788	0	0	No data	No data	-0.33333249999999987	0.5	-1
IL1B	0.13349979324322	0.12158615952232422	No data	No data	No data	No data	No data	No data	No data	No data	No data	No data	No data	No data	No data	No data	No data	No data	0.9135344606494963	0.2922115869554236	No data	1	0	1	1	1	0	0	No data	-0.5154991726420297	-0.9018736229311453	0	255	No data	0	0.5	0
NFKBIA	0.13334324224040653	No data	0.1846510311554167	No data	No data	No data	No data	No data	No data	No data	No data	No data	No data	No data	No data	No data	No data	No data	0.6937695432814058	No data	No data	No data	0	0	1	1	0	0.5583599999999997	No data	-0.6886927744070601	-0.845707741002219	0	255	No data	0	0.5	-1
EN1	0.1332717602744015	No data	0.2192219259132561	No data	No data	No data	No data	No data	No data	No data	No data	No data	No data	No data	No data	No data	No data	No data	No data	No data	No data	No data	0	0	0	0	0	0.6938749999999999	No data	-0.4046332046332046	-0.9286952111492469	0	No data	No data	0	0.75	0.5
GPR63	0.13269347448757873	No data	0.21827068970496616	No data	No data	No data	No data	No data	No data	No data	No data	No data	No data	No data	No data	No data	No data	No data	No data	No data	No data	No data	1	0	0	0	0	0.6181399999999997	No data	-0.28803088803088805	0	0	No data	No data	0	-1	0.5
ICAM1	0.1320535881709613	0.1654922726831635	No data	No data	No data	No data	No data	No data	No data	No data	No data	No data	No data	No data	No data	No data	No data	No data	0.8342288536207634	0.1809649770299982	0.3031750887689154	0.7	1	0	1	1	0	0	No data	-0.1612796469939327	-0.8956402278528932	0	255	No data	0	0.5	-1
PGAP3	0.1294609567952276	No data	0.21112965116330853	No data	No data	No data	No data	No data	No data	No data	No data	No data	No data	No data	No data	No data	No data	No data	0.03647584785669727	No data	No data	No data	1	0	0	0	0	0.234375	No data	0.3116381687810259	-0.648098723199553	0	No data	No data	No data	-1	-1
SLC9A3	0.12752643668023422	No data	0.19884010982993336	No data	No data	No data	No data	No data	No data	No data	No data	No data	No data	No data	No data	No data	No data	No data	0.20043563388558538	0.04092360015957508	No data	1	1	0	1	1	0	0.1666649999999997	1	-0.5696635410921125	-0.6791928900784022	0	No data	No data	0	0.5	-1
TOM1	0.12735964077911324	No data	0.20493745728699103	No data	No data	No data	No data	No data	No data	No data	No data	No data	No data	No data	No data	No data	No data	No data	0.09118961964174316	No data	No data	No data	0	0	0	0	0	0.4715449999999997	No data	-0.1777164920022063	0	0	No data	No data	-0.085365	0.5	-1
FGF9	0.12574187755628155	No data	0.20034361128213496	No data	No data	No data	No data	No data	No data	No data	No data	No data	No data	No data	No data	No data	No data	No data	0.03343619386863916	0.11498405593500652	No data	No data	0	1	0	0	0	0.9759599999999999	No data	-0.7741864313292884	-0.9669409788526723	0	No data	No data	-0.2668275000000001	0.5	0.5
IL21	0.12493690753630406	No data	0.15830594235930104	No data	No data	No data	No data	No data	No data	No data	No data	No data	No data	No data	No data	No data	No data	No data	0.8205294027104418	0.08232119632769774	No data	0.2	0	1	0	0	0	0	No data	-0.7394373965802536	-0.10737097838956267	0	No data	No data	No data	1	1
SLC6A7	0.12476592763823208	No data	0.20371065010698347	No data	No data	No data	No data	No data	No data	No data	No data	No data	No data	No data	No data	No data	No data	No data	0.030396539880581056	No data	No data	No data	1	0	1	1	0	0.8820749999999997	1	0.0833976833976835	No data	0	No data	No data	0	1	0.5
CTH	0.12409797669873851	No data	0.19036616883121313	No data	No data	No data	No data	No data	No data	No data	No data	No data	No data	No data	No data	No data	No data	No data	0.2753115938783828	No data	No data	No data	0	0	1	1	1	0.1975299999999997	No data	0.19680088251516814	-0.9107338395339953	0	255	No data	No data	1	-1
ARFRP1	0.12372119734616858	No data	0.20016835571331573	No data	No data	No data	No data	No data	No data	No data	No data	No data	No data	No data	No data	No data	No data	No data	0.06687238773727831	No data	No data	No data	0	0	0	0	0	0.8507449999999999	No data	-0.05802537231108662	No data	-1	No data	No data	0	-1	-1
THADA	0.12368951691843547	No data	0.20072417461289951	No data	No data	No data	No data	No data	No data	No data	No data	No data	No data	No data	No data	No data	No data	No data	0.0547137717850459	No data	No data	No data	0	0	0	0	0	0	No data	0.3588527302813016	No data	0	No data	No data	No data	-1	-1
RTP5	0.12360480250296824	No data	0.20269030827220608	No data	No data	No data	No data	No data	No data	No data	No data	No data	No data	No data	No data	No data	No data	No data	No data	0.012604122982609631	No data	No data	0	0	0	0	0	No data	No data	0.8446773303916162	No data	0	No data	No data	0	1	0.5
CCL11	0.12348348212635239	0.15198269940290526	0.11080920750435996	No data	No data	No data	No data	No data	No data	No data	No data	No data	No data	No data	No data	No data	No data	No data	0.7425264722835196	0.13598355438429044	No data	0.2	0	1	0	0	0	0	No data	0.8155543298400441	0	0	255	No data	-0.27835	0.5	0
PTPRU	0.12327871135026391	No data	0.19484721146221742	No data	No data	No data	No data	No data	No data	No data	No data	No data	No data	No data	No data	No data	No data	No data	0.14335588912553893	0.03461009929903103	No data	No data	1	0	0	0	0	0.7667149999999999	No data	-0.6599007170435742	-0.10129547872063965	0	No data	No data	0	-1	0
TTLL13	0.12306358372232577	No data	0.20243025062360046	No data	No data	No data	No data	No data	No data	No data	No data	No data	No data	No data	No data	No data	No data	No data	No data	No data	No data	No data	1	0	0	0	0	0	No data	0.2156646442360728	No data	No data	No data	No data	0	1	1
TDRKH	0.12300641793143129	No data	0.20233621723835482	No data	No data	No data	No data	No data	No data	No data	No data	No data	No data	No data	No data	No data	No data	No data	No data	No data	No data	No data	0	0	0	0	0	0.5632800000000003	No data	-0.5672366243794815	-0.18133858927488755	0	No data	No data	0	0.5	-1
ITLN1	0.12281304111983236	No data	0.1801570139509659	No data	No data	No data	No data	No data	No data	No data	No data	No data	No data	No data	No data	No data	No data	No data	0.43016749987716146	0.015873215496829095	No data	No data	0	1	0	0	0	0.05750999999999991	No data	0.11274131274131283	-0.2998769572387111	0	No data	No data	-0.5926525000000001	0.75	0
FRG2C	0.12250090525241686	No data	0.2015046872665218	No data	No data	No data	No data	No data	No data	No data	No data	No data	No data	No data	No data	No data	No data	No data	No data	No data	No data	No data	0	0	0	0	0	0	No data	0.7072255929398787	No data	0	No data	No data	-0.8226949999999998	0.5	1
FHL5	0.12249765322908444	No data	0.1978949974210149	No data	No data	No data	No data	No data	No data	No data	No data	No data	No data	No data	No data	No data	No data	No data	0.0547137717850459	0.039089336616404034	No data	No data	0	0	0	0	0	0.2605649999999997	No data	0.6101489244346388	0	0	No data	No data	0	1	0
STK17B	0.12246285071470525	No data	0.2014420904415853	No data	No data	No data	No data	No data	No data	No data	No data	No data	No data	No data	No data	No data	No data	No data	No data	No data	No data	No data	0	0	1	1	1	0.5698950000000004	1	-0.1366795366795367	0	0	No data	No data	0	0.75	0
MTRR	0.12244391706772226	No data	0.2014109460299888	No data	No data	No data	No data	No data	No data	No data	No data	No data	No data	No data	No data	No data	No data	No data	No data	No data	No data	No data	0	0	0	0	0	0	No data	-0.06332046332046337	-0.5618132609507273	0	255	No data	0	-1	-1
ROBO2	0.12203080229320723	No data	0.2007314035949978	No data	No data	No data	No data	No data	No data	No data	No data	No data	No data	No data	No data	No data	No data	No data	No data	No data	No data	No data	1	0	0	0	0	0.7182600000000001	No data	-0.7808052950910094	-0.8826876019977344	0	No data	No data	0	0.5	0
CXCR1	0.12135941090876937	0.15198269940290526	0.07783236897604077	No data	No data	No data	No data	No data	No data	No data	No data	No data	No data	No data	No data	No data	No data	No data	0.7127374031233893	0.2687524153612179	No data	0.7	1	0	1	1	0	0	No data	0.8204081632653062	-0.07423728449275302	0	No data	No data	-0.42142750000000007	0.5	0
SPATA6	0.12133642538410362	No data	0.19958920630571486	No data	No data	No data	No data	No data	No data	No data	No data	No data	No data	No data	No data	No data	No data	No data	No data	No data	No data	No data	0	0	0	0	0	0.5286900000000003	No data	0.22702702702702693	-0.10853446178261034	0	No data	No data	0	0.5	0
PIM3	0.12105730425089639	No data	0.18606490136371392	No data	No data	No data	No data	No data	No data	No data	No data	No data	No data	No data	No data	No data	No data	No data	0.202136990205864	0.13312450629518527	No data	0.15	0	0	1	1	0	0.7852750000000001	1	0.05747380033094318	No data	0	No data	No data	-0.1487725000000001	-1	-1
SUGP1	0.1210012457330855	No data	0.1690478802408219	No data	No data	No data	No data	No data	No data	No data	No data	No data	No data	No data	No data	No data	No data	No data	0.5997996198039741	No data	No data	No data	0	0	0	0	0	0.4573650000000001	No data	-0.5658025372311086	-0.7703818078651009	-1	No data	No data	0	-1	-1
SLC25A15	0.12096876147718152	No data	0.19784455685116709	No data	No data	No data	No data	No data	No data	No data	No data	No data	No data	No data	No data	No data	No data	No data	0.02279740491043579	No data	No data	No data	0	0	0	0	0	0.7508299999999999	No data	0.10667402095973522	-0.4818013350502967	0	No data	No data	-0.684385	0.5	-1
KCTD12	0.12019316605080528	No data	0.19468397053814276	No data	No data	No data	No data	No data	No data	No data	No data	No data	No data	No data	No data	No data	No data	No data	No data	0.0604932195104721	No data	No data	0	0	0	0	0	0.9692300000000003	No data	0.6906784335355765	-0.1250770947412433	0	No data	No data	0	-1	-1
C16orf95	0.11901725739393898	No data	0.195774351063513	No data	No data	No data	No data	No data	No data	No data	No data	No data	No data	No data	No data	No data	No data	No data	No data	No data	No data	No data	0	0	0	0	0	0	No data	0.7895201323772751	No data	0	No data	No data	No data	1	0
NECTIN1	0.11861836469363202	No data	0.17234473090364316	No data	No data	No data	No data	No data	No data	No data	No data	No data	No data	No data	No data	No data	No data	No data	0.4554694391404976	No data	No data	No data	1	1	0	0	0	0.7292050000000003	No data	-0.4912300055157198	0	0	No data	No data	0	0.5	-1
SLC2A4RG	0.11850538648272618	No data	0.19402046608609652	No data	No data	No data	No data	No data	No data	No data	No data	No data	No data	No data	No data	No data	No data	No data	0.01823792392834863	No data	No data	No data	0	0	0	0	0	No data	No data	0.01742967457253175	No data	0	No data	No data	0	0.5	-1
METTL4	0.11845362067662603	No data	0.19484721146221742	No data	No data	No data	No data	No data	No data	No data	No data	No data	No data	No data	No data	No data	No data	No data	No data	No data	No data	No data	0	0	0	0	0	0	No data	0.2796469939327082	-0.4365980494152055	0	No data	No data	No data	-1	-1
DCTD	0.11789948933298752	No data	0.19393570747884378	No data	No data	No data	No data	No data	No data	No data	No data	No data	No data	No data	No data	No data	No data	No data	No data	No data	No data	No data	0	0	1	0	0	0.6348300000000002	No data	0.9515719801434088	0	0	No data	No data	0	-1	-1
TMEM258	0.11786265510990745	No data	0.17644878166527675	No data	No data	No data	No data	No data	No data	No data	No data	No data	No data	No data	No data	No data	No data	No data	No data	No data	0.3485267262707424	No data	1	0	0	0	0	1	No data	0.7904026475455046	-0.4584216488312237	-1	No data	No data	No data	-1	-1
BRPF1	0.11782391996012519	No data	0.1938114015987021	No data	No data	No data	No data	No data	No data	No data	No data	No data	No data	No data	No data	No data	No data	No data	No data	No data	No data	No data	0	0	1	1	0	0.9057400000000001	1	-0.9528957528957529	-0.7219891856703597	0	No data	No data	0	0.5	0
MMP1	0.11768263320433064	0.15198269940290526	No data	No data	No data	No data	No data	No data	No data	No data	No data	No data	No data	No data	No data	No data	No data	No data	0.6462095341928954	0.4178618775545246	No data	1	0	1	1	1	0	0	0	0.5011583011583012	No data	0	255	No data	0	0.5	0.5
RPS6KA4	0.11767564494227463	No data	0.19356750045331997	No data	No data	No data	No data	No data	No data	No data	No data	No data	No data	No data	No data	No data	No data	No data	No data	No data	No data	No data	0	0	1	1	0	0.8057000000000002	No data	-0.5360176503033646	No data	0	No data	No data	-0.11269500000000007	0.5	-1
ICAM5	0.11760384660337728	No data	0.19344939763770438	No data	No data	No data	No data	No data	No data	No data	No data	No data	No data	No data	No data	No data	No data	No data	No data	No data	No data	No data	1	0	0	0	0	0.24242500000000006	No data	-0.4742415885273028	No data	0	No data	No data	0	1	0.5
IRF1	0.11661169474314485	No data	0.16944901218720432	No data	No data	No data	No data	No data	No data	No data	No data	No data	No data	No data	No data	No data	No data	No data	0.43706769969037523	0.023174369688020162	No data	No data	0	0	0	0	0	0.276925	No data	-0.6538334252619966	-0.8227110983332947	0	255	No data	0	0.5	-1
ELP6	0.11647573194868839	No data	0.19159373469198604	No data	No data	No data	No data	No data	No data	No data	No data	No data	No data	No data	No data	No data	No data	No data	No data	No data	No data	No data	0	0	0	0	0	0.0037599999999997635	No data	0.39459459459459456	-0.1250770947412433	-1	No data	No data	No data	-1	-1
KPNB1	0.11615393705034326	No data	0.19106440651909307	No data	No data	No data	No data	No data	No data	No data	No data	No data	No data	No data	No data	No data	No data	No data	No data	No data	No data	No data	0	0	0	0	0	0.9600450000000003	No data	-0.9895201323772752	No data	-1	No data	No data	0	-1	-1
CXCL10	0.11613478168801779	0.1587374860430344	No data	No data	No data	No data	No data	No data	No data	No data	No data	No data	No data	No data	No data	No data	No data	No data	0.5282545066283428	0.2647208712663992	No data	0.2	0	1	1	0	1	0	No data	0.049531163816878054	-0.23260967282723977	0	255	No data	0	0.5	0
CDH26	0.1157164365315465	No data	0.1903447513864438	No data	No data	No data	No data	No data	No data	No data	No data	No data	No data	No data	No data	No data	No data	No data	No data	No data	No data	No data	1	0	0	0	0	0	No data	0.11759514616657474	-0.5984833264700251	0	No data	No data	0	0.5	0.5
RTEL1	0.11510567028198491	No data	0.1847594975929532	No data	No data	No data	No data	No data	No data	No data	No data	No data	No data	No data	No data	No data	No data	No data	0.09161179380675123	No data	No data	No data	0	0	0	0	0	0	No data	-0.4895752895752896	-0.896369659031585	-1	No data	No data	0	-1	0
NFATC2	0.11454395362677906	No data	0.18288380773974883	No data	No data	No data	No data	No data	No data	No data	No data	No data	No data	No data	No data	No data	No data	No data	0.11064596597232501	No data	No data	No data	0	0	0	0	0	0.446255	No data	-0.8327633756205185	0	0	255	No data	0	-1	0
B3GNT2	0.11435056087011036	No data	0.18809798963855695	No data	No data	No data	No data	No data	No data	No data	No data	No data	No data	No data	No data	No data	No data	No data	No data	No data	No data	No data	0	0	0	0	0	0.3702750000000002	No data	-0.47335907335907335	-0.28383012441698857	0	No data	No data	0	-1	-1
SBNO2	0.11283550231743096	No data	0.17871625426569773	No data	No data	No data	No data	No data	No data	No data	No data	No data	No data	No data	No data	No data	No data	No data	0.13779158193593685	No data	No data	No data	No data	No data	0	0	0	0.08126000000000033	No data	0.08758963044677337	-0.4727540744687428	0	No data	No data	0	-1	0
CCR2	0.11245966455339679	No data	0.16097649752090468	No data	No data	No data	No data	No data	No data	No data	No data	No data	No data	No data	No data	No data	No data	No data	0.2698233811819241	0.0495277077798603	0.3479187954731307	0.7	1	0	1	1	0	0	1	0.8625482625482626	-0.965492839236883	0	No data	No data	-0.29166750000000013	0.5	0
S1PR2	0.11217044654228024	0.15198269940290526	No data	No data	No data	No data	No data	No data	No data	No data	No data	No data	No data	No data	No data	No data	No data	No data	0.6438274225139274	0.015200846258304715	No data	1	0	0	1	1	0	0.53258	0	-0.2312189740761169	-0.9095921458069245	0	No data	No data	0	-1	0
ANGPT1	0.1120059318535283	No data	0.17246948972752532	No data	No data	No data	No data	No data	No data	No data	No data	No data	No data	No data	No data	No data	No data	No data	0.2354352642741569	No data	No data	0.7	0	1	0	0	0	0.86948	No data	-0.778819635962493	-0.8543173500103757	0	No data	No data	-0.006024999999999991	0.5	0
ZNF620	0.11200501626063197	No data	0.18331363323172967	No data	No data	No data	No data	No data	No data	No data	No data	No data	No data	No data	No data	No data	No data	No data	No data	0.0185222725742567	No data	No data	0	0	0	0	0	No data	No data	0.34241588527302813	No data	0	No data	No data	0	-1	0
MMP7	0.11187467526628554	0.15198269940290526	No data	No data	No data	No data	No data	No data	No data	No data	No data	No data	No data	No data	No data	No data	No data	No data	0.316886928647644	0.42727537349192823	0.2909556797369218	1	0	1	1	1	0	0	No data	0.22415885273028135	-0.8785434120005992	0	255	No data	0	0.5	0
EIF1B	0.11180425382538538	No data	0.18390950789897628	No data	No data	No data	No data	No data	No data	No data	No data	No data	No data	No data	No data	No data	No data	No data	No data	No data	No data	No data	No data	No data	0	0	0	1	No data	-0.2861555432984004	0	0	No data	No data	-0.8008849999999998	-1	-1
ENSG00000291315	0.11180425382538538	No data	0.18390950789897628	No data	No data	No data	No data	No data	No data	No data	No data	No data	No data	No data	No data	No data	No data	No data	No data	No data	No data	No data	No data	No data	No data	No data	No data	0	No data	No data	No data	No data	No data	No data	No data	1	0.5
NPIPB7	0.11077319751695254	No data	0.18221349856290786	No data	No data	No data	No data	No data	No data	No data	No data	No data	No data	No data	No data	No data	No data	No data	No data	No data	No data	No data	0	1	0	0	0	No data	No data	0.6441257584114728	No data	No data	No data	No data	-0.8913049999999998	1	0
B3GAT2	0.11038939556601735	No data	0.17984281593705878	No data	No data	No data	No data	No data	No data	No data	No data	No data	No data	No data	No data	No data	No data	No data	0.034787151196664985	No data	No data	No data	0	0	0	0	0	0.5356050000000003	No data	0.5702151130722559	No data	0	No data	No data	0	0.75	0
GPX1	0.11010152821889167	No data	0.15545663244723995	No data	No data	No data	No data	No data	No data	No data	No data	No data	No data	No data	No data	No data	No data	No data	0.5130404224458182	No data	No data	No data	0	1	0	0	0	0.2610849999999999	No data	0.5895201323772752	-0.34078547261765096	0	No data	No data	-0.06403999999999996	-1	-1
GPR183	0.10836402426944161	No data	0.16886931170056885	No data	No data	No data	No data	No data	No data	No data	No data	No data	No data	No data	No data	No data	No data	No data	0.15411552328452607	0.07539766388795711	No data	No data	1	0	1	1	0	0.3490299999999998	0	-0.3537782680639824	0	0	No data	No data	0	0.5	-1
MMP13	0.10622676529487518	0.15198269940290526	No data	No data	No data	No data	No data	No data	No data	No data	No data	No data	No data	No data	No data	No data	No data	No data	0.3373498651701079	0.2648146554396222	No data	1	0	1	1	1	1	0.3312100000000001	1	0.17837837837837833	-0.8500952741922615	0	255	No data	0	1	1
ATAD3B	0.10599459807285894	No data	0.17435306533125172	No data	No data	No data	No data	No data	No data	No data	No data	No data	No data	No data	No data	No data	No data	No data	No data	No data	No data	No data	0	0	0	0	0	No data	No data	0.3203530060672919	-0.7268386135010885	0	No data	No data	-0.6103400000000001	-1	0
GDAP1L1	0.1053258625425665	No data	0.17325304616308373	No data	No data	No data	No data	No data	No data	No data	No data	No data	No data	No data	No data	No data	No data	No data	No data	No data	No data	No data	0	0	0	0	0	0.89101	No data	-0.14925537782680642	No data	0	No data	No data	0	0.75	0.5
IL1RL1	0.10494409147063062	No data	0.14742369383056814	No data	No data	No data	No data	No data	No data	No data	No data	No data	No data	No data	No data	No data	No data	No data	0.49007173361250567	0.03140015524278389	No data	0.7	1	1	0	0	0	0	No data	0.17153888582460008	0	0	No data	No data	0	0.75	0
DCLK3	0.1049291029843779	No data	0.1636023369440872	No data	No data	No data	No data	No data	No data	No data	No data	No data	No data	No data	No data	No data	No data	No data	0.056128899586152955	0.15501521986535752	No data	No data	0	0	1	1	0	0	No data	-0.038610038610038644	-0.25767191728889277	0	No data	No data	0	0.5	0.5
H3-7	0.10404052234362823	No data	0.1711387591356984	No data	No data	No data	No data	No data	No data	No data	No data	No data	No data	No data	No data	No data	No data	No data	No data	No data	No data	No data	0	0	0	0	0	No data	No data	0.8040816326530613	No data	No data	No data	No data	-0.9264700000000001	0.5	0
IFNAR2	0.10374994539261528	0.1654922726831635	No data	No data	No data	No data	No data	No data	No data	No data	No data	No data	No data	No data	No data	No data	No data	No data	0.10337018865055599	No data	No data	1	1	1	0	0	0	0	No data	-0.35013789299503584	-0.1036059307249762	0	No data	No data	0	-1	-1
KCNH8	0.10338170447570937	No data	0.16944712297144446	No data	No data	No data	No data	No data	No data	No data	No data	No data	No data	No data	No data	No data	No data	No data	0.012158615952232422	No data	No data	1	1	0	0	0	0	0.6115650000000002	No data	-0.26960838389409814	-0.6579755887374683	0	No data	No data	0	0.75	0.5
STIM2	0.10284513624295066	No data	0.16917243976945823	No data	No data	No data	No data	No data	No data	No data	No data	No data	No data	No data	No data	No data	No data	No data	No data	No data	No data	No data	0	0	0	1	0	0.6782850000000004	No data	-0.6815223386651958	-0.6161494687510746	0	No data	No data	0	0.5	-1
IFNAR1	0.10272780044173523	0.1654922726831635	No data	No data	No data	No data	No data	No data	No data	No data	No data	No data	No data	No data	No data	No data	No data	No data	0.0697431720593332	No data	No data	1	1	0	0	1	0	0	No data	0.8099282956425813	-0.9420523855689313	0	No data	No data	0	-1	-1
FBXL18	0.10235104405562646	No data	0.16835969563926226	No data	No data	No data	No data	No data	No data	No data	No data	No data	No data	No data	No data	No data	No data	No data	No data	No data	No data	No data	0	0	0	0	0	0.5473550000000003	No data	0.31384445670159966	0	0	No data	No data	0	0.5	0
CCDC122	0.10233923668531479	No data	0.1683402734116698	No data	No data	No data	No data	No data	No data	No data	No data	No data	No data	No data	No data	No data	No data	No data	No data	No data	No data	No data	0	0	0	0	0	0	No data	0.7073359073359073	-0.14230555434728037	0	No data	No data	0	-1	0
ZNF621	0.10218094963424285	No data	0.1680799032318832	No data	No data	No data	No data	No data	No data	No data	No data	No data	No data	No data	No data	No data	No data	No data	No data	No data	No data	No data	0	0	0	0	0	No data	No data	-0.2082735797021511	No data	0	No data	No data	0	-1	-1
SMAD7	0.10171566763263795	0.15198269940290526	No data	No data	No data	No data	No data	No data	No data	No data	No data	No data	No data	No data	No data	No data	No data	No data	0.30663700533286925	No data	No data	0.7	0	0	0	0	0	0.9061050000000002	No data	-0.7530060672917815	-0.942819368401844	0	No data	No data	0	0.5	-1
REN	0.1011766008484706	0.1587374860430344	No data	No data	No data	No data	No data	No data	No data	No data	No data	No data	No data	No data	No data	No data	No data	No data	0.13771379259606628	0.03620925313959249	No data	1	0	1	1	1	1	0	1	0.18190843905129617	-0.9544183936280617	0	255	No data	0	1	0.5
MMP8	0.10104656143971594	0.15198269940290526	No data	No data	No data	No data	No data	No data	No data	No data	No data	No data	No data	No data	No data	No data	No data	No data	0.14299549051831875	0.22107087639043277	No data	1	0	1	1	1	0	0	0	0.6592388306674022	-0.5232218517697595	0	No data	No data	0	1	0.5
THEMIS	0.10103688021534861	No data	0.16467816891651274	No data	No data	No data	No data	No data	No data	No data	No data	No data	No data	No data	No data	No data	No data	No data	0.030396539880581056	No data	No data	No data	0	0	0	0	0	0	No data	-0.12939878654164372	0	0	No data	No data	0	1	0.5
ITGA2	0.10094016697848937	0.15198269940290526	No data	No data	No data	No data	No data	No data	No data	No data	No data	No data	No data	No data	No data	No data	No data	No data	0.25100449415387815	0.06776936410703574	No data	0.2	0	0	1	1	0	0.11515500000000004	No data	-0.3023717595146167	-0.21727870166963925	0	No data	No data	0	-1	0
RPS6KC1	0.10059916954298323	No data	0.16547799509122976	No data	No data	No data	No data	No data	No data	No data	No data	No data	No data	No data	No data	No data	No data	No data	No data	No data	No data	No data	0	0	0	0	0	0	No data	-0.4633204633204633	-0.1606405871069294	0	No data	No data	0	-1	-1
RIPK2	0.10050951643907545	No data	0.15418271962149163	No data	No data	No data	No data	No data	No data	No data	No data	No data	No data	No data	No data	No data	No data	No data	0.1891984425654745	0.07595463569284616	No data	No data	0	0	1	1	0	0.2129649999999998	1	-0.6518477661334805	0	0	No data	No data	0	-1	0
SDF4	0.10047583754048078	No data	0.1612718145749892	No data	No data	No data	No data	No data	No data	No data	No data	No data	No data	No data	No data	No data	No data	No data	0.08006617474211053	No data	No data	No data	0	0	No data	No data	No data	0.3661949999999997	No data	-0.16138996138996142	No data	0	No data	No data	0	-1	-1
SULT1A2	0.10003898769551126	No data	0.15451512597376665	No data	No data	No data	No data	No data	No data	No data	No data	No data	No data	No data	No data	No data	No data	No data	0.030396539880581056	0.18731867701408073	No data	No data	0	0	0	0	1	0	No data	0.4375068946497518	-0.8482057158259265	0	No data	No data	-0.8898299999999999	0.75	0
UQCR10	0.09955058253886725	No data	0.16375314909192268	No data	No data	No data	No data	No data	No data	No data	No data	No data	No data	No data	No data	No data	No data	No data	No data	No data	No data	No data	0	0	0	0	0	0.20634999999999976	No data	0.8049641478212908	No data	0	No data	No data	No data	-1	-1
USP12	0.09849515803065062	No data	0.16110515972114545	No data	No data	No data	No data	No data	No data	No data	No data	No data	No data	No data	No data	No data	No data	No data	0.01823792392834863	No data	No data	No data	0	0	0	0	0	0.91892	No data	-0.5680088251516823	-0.2651098980815475	0	No data	No data	-0.68919	-1	-1
UBN1	0.09823743113653628	No data	0.16159311474674729	No data	No data	No data	No data	No data	No data	No data	No data	No data	No data	No data	No data	No data	No data	No data	No data	No data	No data	No data	0	0	0	0	0	0.3474449999999997	No data	-0.9606177606177606	-0.5055829510709	0	No data	No data	0	-1	-1
SFSWAP	0.09821098571105277	No data	0.16154961402991008	No data	No data	No data	No data	No data	No data	No data	No data	No data	No data	No data	No data	No data	No data	No data	No data	No data	No data	No data	1	0	0	0	0	0.43743499999999996	No data	-0.9309431880860453	-0.6675093321534098	-1	No data	No data	0	-1	-1
LEMD2	0.09801562970300491	No data	0.1577773661724133	No data	No data	No data	No data	No data	No data	No data	No data	No data	No data	No data	No data	No data	No data	No data	No data	0.06901804116491393	No data	No data	0	0	0	0	0	0.25447500000000006	No data	0.015554329840044234	-0.9638449988930317	0	No data	No data	0	-1	-1
HSD3B7	0.09789724895337305	No data	0.15839185333092023	No data	No data	No data	No data	No data	No data	No data	No data	No data	No data	No data	No data	No data	No data	No data	No data	0.052833751112237294	No data	No data	0	0	0	0	0	0.34959500000000004	No data	0.6150027578599007	-0.7381987713783561	0	No data	No data	0	1	-1
PSAPL1	0.097893387275477	No data	0.16102718871962227	No data	No data	No data	No data	No data	No data	No data	No data	No data	No data	No data	No data	No data	No data	No data	No data	No data	No data	No data	0	1	0	0	0	0	No data	No data	No data	0	No data	No data	0	0.75	0.5
S1PR3	0.09779722575535522	0.15198269940290526	No data	No data	No data	No data	No data	No data	No data	No data	No data	No data	No data	No data	No data	No data	No data	No data	0.15350252639693432	0.054503306915061306	No data	1	1	0	1	1	0	0.3783050000000003	1	0.4755653612796471	-0.7215446031873476	0	No data	No data	0	0.5	-1
ORMDL3	0.09764225983933604	No data	0.1253125213755876	No data	No data	No data	No data	No data	No data	No data	No data	No data	No data	No data	No data	No data	No data	No data	0.6464298640607933	No data	No data	No data	0	0	0	0	0	0.8366	No data	-0.09740761169332601	-0.17498361299382648	0	No data	No data	-0.6078425	0.5	-1
PPIF	0.09720991488031024	No data	0.15610336104267925	No data	No data	No data	No data	No data	No data	No data	No data	No data	No data	No data	No data	No data	No data	No data	0.07599134970145263	No data	No data	No data	0	0	0	1	0	0.4444450000000003	No data	0.8062879205736349	-0.5998045273600585	0	No data	No data	-0.009662499999999952	-1	-1
MIER1	0.09711067537579533	No data	0.15973968707838826	No data	No data	No data	No data	No data	No data	No data	No data	No data	No data	No data	No data	No data	No data	No data	No data	No data	No data	No data	0	0	0	0	0	0.2831850000000003	No data	-0.21345835631549914	-0.23168829978489985	0	No data	No data	0	0.5	-1
REV3L	0.0969280676338753	No data	0.15943931120890206	No data	No data	No data	No data	No data	No data	No data	No data	No data	No data	No data	No data	No data	No data	No data	No data	No data	No data	No data	0	0	0	0	0	0.33546499999999996	No data	-0.9163816878102592	-0.8801145153817715	-1	No data	No data	0	0.5	-1
FCGR2C	0.09691909589722705	No data	0.15583607298079888	No data	No data	No data	No data	No data	No data	No data	No data	No data	No data	No data	No data	No data	No data	No data	0.07176960805137193	No data	No data	No data	1	0	No data	No data	No data	0	No data	No data	-0.9110511792600087	No data	No data	No data	-0.5975224999999998	1	0.5
TCEA2	0.09641452515827736	No data	0.1585945728314165	No data	No data	No data	No data	No data	No data	No data	No data	No data	No data	No data	No data	No data	No data	No data	No data	No data	No data	No data	0	0	0	0	0	0.44816	No data	-0.4043022614451186	-0.5305768363163179	0	No data	No data	-0.14715750000000014	-1	-1
PPP1R3D	0.096349015405462	No data	0.15710032954927064	No data	No data	No data	No data	No data	No data	No data	No data	No data	No data	No data	No data	No data	No data	No data	No data	0.027729694262466183	No data	No data	0	0	0	0	0	0.030100000000000193	No data	0.9956977385548813	No data	0	No data	No data	0	-1	-1
IQCH	0.09634079810171636	No data	0.15847329742169775	No data	No data	No data	No data	No data	No data	No data	No data	No data	No data	No data	No data	No data	No data	No data	No data	No data	No data	No data	0	0	0	0	0	0	No data	-0.18599007170435744	-0.2373462466867854	0	No data	No data	No data	0.5	0
ARL5B	0.09577943843050561	No data	0.1575499033883371	No data	No data	No data	No data	No data	No data	No data	No data	No data	No data	No data	No data	No data	No data	No data	No data	No data	No data	No data	No data	No data	0	0	0	1	No data	-0.6057363485934915	No data	0	No data	No data	-0.4972075	-1	-1
CNR1	0.09573559760980854	0.14438356443276001	No data	No data	No data	No data	No data	No data	No data	No data	No data	No data	No data	No data	No data	No data	No data	No data	0.26188448268999787	No data	No data	1	1	0	1	1	0	0.8516950000000001	1	-0.44280198565912854	-0.9182577600398064	0	255	No data	0	0.5	0
CLSTN2	0.09471921015229466	No data	0.15428608138307276	No data	No data	No data	No data	No data	No data	No data	No data	No data	No data	No data	No data	No data	No data	No data	0.030396539880581056	No data	No data	No data	0	0	0	0	0	0.7382199999999998	No data	-0.5971318257032543	-0.17073779750080204	0	No data	No data	0	0.5	0
CTLA4	0.09462760538786055	No data	0.1065235466852559	No data	No data	No data	No data	No data	No data	No data	No data	No data	No data	No data	No data	No data	No data	No data	0.6258941718208858	0.17304770069777153	No data	1	1	0	0	0	0	0	No data	-0.9501378929950358	-0.7980572140718347	0	255	No data	0	1	0
FAM217B	0.09450601541727627	No data	0.15158810387506017	No data	No data	No data	No data	No data	No data	No data	No data	No data	No data	No data	No data	No data	No data	No data	0.07734230702947845	No data	No data	No data	0	0	0	0	0	0	No data	0.841919470490899	-0.1555175632476158	0	No data	No data	0	-1	-1
GPR84	0.09443227024303037	0.12158615952232422	No data	No data	No data	No data	No data	No data	No data	No data	No data	No data	No data	No data	No data	No data	No data	No data	0.5905518113874408	0.18990737653064146	No data	0.5	1	0	1	1	0	No data	No data	-0.1578599007170436	-0.015470268904061446	0	No data	No data	0	0.5	0.5
TNS3	0.09411303518056631	No data	0.1548087965773545	No data	No data	No data	No data	No data	No data	No data	No data	No data	No data	No data	No data	No data	No data	No data	No data	No data	No data	No data	0	0	0	0	0	0.1591700000000003	No data	-0.7645890788747931	-0.7417962513366368	0	No data	No data	0	-1	-1
NT5E	0.09331724197168605	No data	0.06426559197130993	No data	No data	No data	No data	No data	No data	No data	No data	No data	No data	No data	No data	No data	No data	No data	0.6871668959148284	No data	No data	0.7	1	0	1	1	0	0.32927000000000034	1	0.4576944291230005	-0.8962780490683755	0	No data	No data	No data	0.5	0
DPYSL3	0.09296401196389137	No data	0.09043068885146802	No data	No data	No data	No data	No data	No data	No data	No data	No data	No data	No data	No data	No data	No data	No data	0.6503170837784312	0.011144324982051007	No data	No data	0	0	0	0	0	0.03509000000000029	No data	-0.8049641478212907	No data	0	No data	No data	-0.22149000000000002	-1	0
HMGA1	0.09282088691162853	No data	0.15033602243433294	No data	No data	No data	No data	No data	No data	No data	No data	No data	No data	No data	No data	No data	No data	No data	0.046945767148897415	No data	No data	No data	0	0	0	0	0	0.8598149999999997	No data	-0.7570876999448428	-0.8656248185702614	-1	No data	No data	No data	0.5	-1
DHFR	0.09280560795415844	0.15265817806691817	No data	No data	No data	No data	No data	No data	No data	No data	No data	No data	No data	No data	No data	No data	No data	No data	No data	No data	No data	1	0	0	1	1	1	0.4919800000000002	0	0.044125758411472704	-0.8860137788537494	-1	255	No data	-0.799465	-1	-1
INS	0.09257293265906993	No data	0.11777221197937833	No data	No data	No data	No data	No data	No data	No data	No data	No data	No data	No data	No data	No data	No data	No data	0.6141619593970492	No data	No data	No data	0	1	0	0	0	0.09091000000000023	No data	0.3816878102592389	-0.9660070986680186	0	No data	No data	0	1	0
LGALS9	0.09255966198836083	No data	0.07025933307716661	No data	No data	No data	No data	No data	No data	No data	No data	No data	No data	No data	No data	No data	No data	No data	0.6553529044777215	0.1628190658703324	No data	No data	0	1	1	1	0	No data	No data	0.08891340319911745	0	0	No data	No data	-0.8802824999999999	0.5	0
IL2RG	0.09249918560922132	0.14353921610274387	No data	No data	No data	No data	No data	No data	No data	No data	No data	No data	No data	No data	No data	No data	No data	No data	0.12147539480670495	0.11435178303074592	No data	1	1	0	0	0	0	0	No data	No data	0	0	No data	No data	0	0.5	0
MYRF	0.09218713908311643	No data	0.1509516635664148	No data	No data	No data	No data	No data	No data	No data	No data	No data	No data	No data	No data	No data	No data	No data	No data	0.013783603397980179	No data	No data	0	0	0	0	0	0.43962	No data	-0.9469387755102041	-0.5999398830430785	0	No data	No data	0	0.5	0
VEGFA	0.09187186320138742	No data	0.08821580301931857	No data	No data	No data	No data	No data	No data	No data	No data	No data	No data	No data	No data	No data	No data	No data	0.6453414404795775	No data	No data	1	0	1	1	1	0	0.18987499999999996	No data	-0.5552123552123552	-0.9928422036515041	0	255	No data	0	-1	-1
RIPK1	0.09161286339983395	0.13678442946261474	No data	No data	No data	No data	No data	No data	No data	No data	No data	No data	No data	No data	No data	No data	No data	No data	0.278235487624665	No data	No data	0.2	1	0	1	1	0	0	1	-0.5685603971318257	-0.7433145785630663	0	No data	No data	0	-1	0
NXPE4	0.09155380145565746	No data	0.14201230340404522	No data	No data	No data	No data	No data	No data	No data	No data	No data	No data	No data	No data	No data	No data	No data	0.039346632178752144	0.15424756844833598	No data	No data	0	1	0	0	0	0	No data	0.7269718698290126	No data	0	No data	No data	-0.20496249999999988	0.75	0.5
WNT7B	0.09152767192119103	No data	0.14994813953272199	No data	No data	No data	No data	No data	No data	No data	No data	No data	No data	No data	No data	No data	No data	No data	0.012158615952232422	No data	No data	No data	0	1	0	0	0	0	No data	-0.3495863210148924	-0.842881409714818	0	No data	No data	-0.42693499999999995	0.5	0
BLTP1	0.09139054964993643	No data	0.1478312435493914	No data	No data	No data	No data	No data	No data	No data	No data	No data	No data	No data	No data	No data	No data	No data	0.04998542113695551	No data	No data	No data	0	0	0	0	0	0.749655	No data	-0.5956977385548814	-0.8674807846340066	0	No data	No data	No data	-1	-1
TLR2	0.0913379653253384	0.12158615952232422	No data	No data	No data	No data	No data	No data	No data	No data	No data	No data	No data	No data	No data	No data	No data	No data	0.5101656624867342	0.1417308632327408	No data	0.2	1	0	1	1	1	0	No data	0.6321014892443464	-0.9713824686539504	0	No data	No data	0	0.5	-1
CD14	0.09051859188111043	0.12158615952232422	No data	No data	No data	No data	No data	No data	No data	No data	No data	No data	No data	No data	No data	No data	No data	No data	0.5409958977792257	0.01171151440617914	No data	0.2	0	1	0	1	0	0	No data	0.9749586321014891	-0.6889599621426595	0	No data	No data	No data	0.5	-1
IL2RB	0.09031969914189657	0.14353921610274387	No data	No data	No data	No data	No data	No data	No data	No data	No data	No data	No data	No data	No data	No data	No data	No data	0.07772891517503443	0.051452323740836546	No data	1	1	0	0	0	0	0	No data	-0.553557639271925	-0.7368447613228502	0	No data	No data	0	0.5	0
SLC9A2	0.09015847661278144	No data	0.14280838735128737	No data	No data	No data	No data	No data	No data	No data	No data	No data	No data	No data	No data	No data	No data	No data	0.04542594015486835	0.08971990654368577	No data	No data	0	0	1	1	0	0.5566499999999998	No data	-0.3343629343629344	0	0	No data	No data	0	0.5	0
SLC5A2	0.09008889944579929	0.1291852944924695	No data	No data	No data	No data	No data	No data	No data	No data	No data	No data	No data	No data	No data	No data	No data	No data	0.11518093309082177	No data	0.32889056150788704	1	1	0	1	1	0	0.53125	1	0.40154440154440163	-0.3508419754899991	0	No data	No data	0	1	0.5
KCNG1	0.08964777093516442	No data	0.14479816920328523	No data	No data	No data	No data	No data	No data	No data	No data	No data	No data	No data	No data	No data	No data	No data	No data	0.053312135034949845	No data	1	0	0	0	0	0	0.6491250000000001	No data	-0.05968008825151683	-0.6440383331583812	0	No data	No data	0	0.5	0
NPEPPS	0.08945964536272812	No data	0.11924078241031291	No data	No data	No data	No data	No data	No data	No data	No data	No data	No data	No data	No data	No data	No data	No data	0.5582708252604065	No data	No data	0.2	0	0	1	1	0	0.8748649999999998	0	-0.8878102592388306	-0.3248355704051037	0	No data	No data	0	-1	-1
SRSF11	0.08943911782197485	No data	0.1463606439304994	No data	No data	No data	No data	No data	No data	No data	No data	No data	No data	No data	No data	No data	No data	No data	0.015198269940290528	No data	No data	No data	0	0	0	0	0	0.7417349999999999	No data	-0.9354660783232212	-0.5293645670915037	-1	No data	No data	0	-1	-1
FFAR2	0.08866009612646915	0.12158615952232422	No data	No data	No data	No data	No data	No data	No data	No data	No data	No data	No data	No data	No data	No data	No data	No data	0.3038948314014485	0.23063990825104186	0.277885167588272	0.2	1	0	1	1	0	0.2272750000000002	1	0.8029784886927744	-0.8091528917223231	0	No data	No data	0	0.5	0
ZNF365	0.08862849753169229	No data	0.14200920533176906	No data	No data	No data	No data	No data	No data	No data	No data	No data	No data	No data	No data	No data	No data	No data	0.0697431720593332	0.013085310067937717	No data	No data	0	0	0	0	0	0.2506149999999998	No data	-0.19878654164368448	-0.10129547872063965	0	No data	No data	0	0.75	0
D2HGDH	0.08835874722738864	No data	0.1342486927788978	No data	No data	No data	No data	No data	No data	No data	No data	No data	No data	No data	No data	No data	No data	No data	0.22189474112824167	No data	No data	No data	0	0	0	0	0	0.030709999999999838	No data	-0.10148924434638718	0	0	No data	No data	0	-1	-1
OGG1	0.08805157729251423	No data	0.03324311056504443	No data	No data	No data	No data	No data	No data	No data	No data	No data	No data	No data	No data	No data	No data	No data	0.6826369048777315	No data	No data	No data	0	0	1	1	0	0.24637499999999973	No data	0.22890237175951467	-0.2915969079591141	0	No data	No data	No data	-1	-1
CTF1	0.08737637119445775	No data	0.1398260155274923	No data	No data	No data	No data	No data	No data	No data	No data	No data	No data	No data	No data	No data	No data	No data	0.0780296065701116	No data	No data	No data	0	1	0	0	0	0	No data	0.9868725868725869	-0.3176056822257889	0	No data	No data	0	-1	-1
PRKCD	0.08715369395853627	0.12158615952232422	No data	No data	No data	No data	No data	No data	No data	No data	No data	No data	No data	No data	No data	No data	No data	No data	0.10219992186515363	No data	0.3900787962874967	1	0	0	1	1	0	0.5192300000000003	No data	-0.8505239933811363	-0.897525932021603	0	255	No data	-0.11982250000000008	-1	-1
RAVER1	0.08709730391235533	No data	0.14326845136738373	No data	No data	No data	No data	No data	No data	No data	No data	No data	No data	No data	No data	No data	No data	No data	No data	No data	No data	No data	0	0	No data	No data	No data	0.4249000000000002	No data	-0.136900165471594	0	0	No data	No data	0	-1	0
SNAPC4	0.08685824357781184	No data	0.1410598663601177	No data	No data	No data	No data	No data	No data	No data	No data	No data	No data	No data	No data	No data	No data	No data	0.03630697819069404	No data	No data	No data	0	0	0	0	0	0	No data	0.04666298952013248	0	-1	No data	No data	0	-1	0
CCR9	0.08668890605318764	0.12158615952232422	No data	No data	No data	No data	No data	No data	No data	No data	No data	No data	No data	No data	No data	No data	No data	No data	0.42021016755289725	No data	No data	0.7	1	0	1	1	0	0.28184499999999985	No data	0.031770546056260285	-0.20403251361534647	0	No data	No data	0	1	0.5
CEBPA	0.086172354352674	No data	0.13755888605460193	No data	No data	No data	No data	No data	No data	No data	No data	No data	No data	No data	No data	No data	No data	No data	0.08376187042790074	No data	No data	No data	0	0	0	0	0	0.7206699999999998	No data	0.581246552675124	-0.967194641710688	0	No data	255	0	0.75	0
GUCY2C	0.08612931890095135	0.12158615952232422	No data	No data	No data	No data	No data	No data	No data	No data	No data	No data	No data	No data	No data	No data	No data	No data	0.37911622750675206	0.05103983826300336	No data	1	0	0	0	0	0	0.09599499999999991	No data	0.26188637617209043	-0.8621350240552755	0	No data	No data	0	1	0.5
LCE3C	0.08578601393314252	No data	0.14111147892189407	No data	No data	No data	No data	No data	No data	No data	No data	No data	No data	No data	No data	No data	No data	No data	No data	No data	No data	No data	No data	No data	0	0	0	No data	No data	No data	No data	0	No data	No data	-0.5744675000000001	1	0.5
ZMAT5	0.08539460216263682	No data	0.13985970548291038	No data	No data	No data	No data	No data	No data	No data	No data	No data	No data	No data	No data	No data	No data	No data	0.012158615952232422	No data	No data	No data	0	0	0	0	0	0.6470599999999997	No data	0.5444015444015444	-0.011453818198359778	-1	No data	No data	No data	-1	-1
TPH1	0.08518391455365457	0.12158615952232422	No data	No data	No data	No data	No data	No data	No data	No data	No data	No data	No data	No data	No data	No data	No data	No data	0.34932450534813525	0.04809088674804871	No data	1	0	0	1	1	0	0.5045050000000003	No data	-0.08240485383342522	-0.8347462604180511	0	No data	No data	-0.29054	0.75	0.5
TMEM171	0.08516852286548732	No data	0.13567080929980713	No data	No data	No data	No data	No data	No data	No data	No data	No data	No data	No data	No data	No data	No data	No data	0.01823792392834863	0.08039313010796965	No data	No data	0	0	0	0	0	0	No data	0.4259238830667402	No data	0	No data	No data	No data	0.75	0.5
TNFRSF4	0.08509620293951642	0.12158615952232422	0.03134553447029929	No data	No data	No data	No data	No data	No data	No data	No data	No data	No data	No data	No data	No data	No data	No data	0.2922971828748128	0.023434910994884407	No data	0.7	0	0	0	0	0	0	No data	0.6782129067843354	0	0	No data	No data	0	0.5	0
PRKCA	0.08486186511064743	0.12158615952232422	No data	No data	No data	No data	No data	No data	No data	No data	No data	No data	No data	No data	No data	No data	No data	No data	0.36010329520104	No data	No data	1	1	0	1	1	1	0.9702399999999998	No data	-0.7977937120794264	-0.7603896334472532	0	255	No data	-0.5089275000000001	0.5	0
PRKCG	0.084816545951306	0.12158615952232422	No data	No data	No data	No data	No data	No data	No data	No data	No data	No data	No data	No data	No data	No data	No data	No data	0.3586123636831938	No data	No data	1	1	0	1	1	0	0.949785	No data	-0.7127413127413127	-0.3148580926584757	0	No data	No data	-0.23601250000000001	1	0.5
BRPF3	0.08428107537078161	No data	0.13863596926146338	No data	No data	No data	No data	No data	No data	No data	No data	No data	No data	No data	No data	No data	No data	No data	No data	No data	No data	No data	0	0	1	1	0	0.6182549999999999	1	-0.9196911196911197	0	0	No data	No data	0	-1	-1
IL1A	0.08388096494169575	0.12158615952232422	No data	No data	No data	No data	No data	No data	No data	No data	No data	No data	No data	No data	No data	No data	No data	No data	0.2373042224959805	0.20369013030539104	No data	1	0	1	0	0	0	0	No data	-0.0806398234969663	-0.11059673298647571	0	255	No data	No data	0.5	0
TNP2	0.08351046377874448	No data	0.1298452280870469	No data	No data	No data	No data	No data	No data	No data	No data	No data	No data	No data	No data	No data	No data	No data	0.1504628724088762	No data	No data	No data	0	0	0	0	0	0	No data	0.7959183673469388	0	0	No data	No data	No data	1	1
MTA1	0.08349579670872236	No data	0.03697753885196514	No data	No data	No data	No data	No data	No data	No data	No data	No data	No data	No data	No data	No data	No data	No data	0.6382429026592005	0.02030761107850713	No data	No data	0	0	0	0	0	0.7412599999999998	No data	-0.9512410369553227	-0.8733476134664083	0	No data	No data	0	-1	-1
LRIG2	0.08334749393817995	No data	0.1364499268867087	No data	No data	No data	No data	No data	No data	No data	No data	No data	No data	No data	No data	No data	No data	No data	No data	0.013007436157177088	No data	No data	0	0	0	0	0	0.47417999999999977	No data	-0.03386651958080533	-0.5517894506063009	0	No data	No data	0	-1	-1
IGF2	0.08313190105230588	No data	0.11858427669396354	No data	No data	No data	No data	No data	No data	No data	No data	No data	No data	No data	No data	No data	No data	No data	0.36322776147955427	No data	No data	0.2	0	1	0	0	0	0.19444500000000034	No data	-0.6931053502482074	-0.9157102649315596	0	No data	No data	0	1	0
MCM4	0.08308968645596354	No data	0.0360430298560117	No data	No data	No data	No data	No data	No data	No data	No data	No data	No data	No data	No data	No data	No data	No data	0.6383273374922022	No data	No data	No data	0	0	0	1	0	0.7450749999999999	No data	-0.2777716492002207	-0.9264918027017227	-1	No data	No data	0	0.5	-1
PARP10	0.0828690537635973	No data	0.13631330093682556	No data	No data	No data	No data	No data	No data	No data	No data	No data	No data	No data	No data	No data	No data	No data	No data	No data	No data	No data	0	0	1	1	1	0	No data	-0.10060672917815772	0	0	No data	No data	0	-1	-1
SP140L	0.08262864341083394	No data	0.13530689618094321	No data	No data	No data	No data	No data	No data	No data	No data	No data	No data	No data	No data	No data	No data	No data	No data	0.012218959613807685	No data	No data	0	0	0	0	0	No data	No data	0.2785438499724213	-0.2968332104456023	0	No data	No data	-0.42241500000000015	-1	-1
OPRL1	0.08239517523496308	No data	0.0883486604772808	No data	No data	No data	No data	No data	No data	No data	No data	No data	No data	No data	No data	No data	No data	No data	0.5672332081048431	No data	No data	0.7	1	0	1	1	0	0.68919	1	-0.4134583563154992	-0.695365437772486	0	255	No data	0	0.75	0.5
ZGPAT	0.08232884309141117	No data	0.1354246954009513	No data	No data	No data	No data	No data	No data	No data	No data	No data	No data	No data	No data	No data	No data	No data	No data	No data	No data	No data	1	0	0	0	0	0.00195500000000024	No data	0.23375620518477658	0	0	No data	No data	0	1	-1
EFNA1	0.08220499478554372	No data	0.12540814591077643	No data	No data	No data	No data	No data	No data	No data	No data	No data	No data	No data	No data	No data	No data	No data	No data	0.1962565686241789	No data	No data	1	1	0	1	0	0.2926850000000002	No data	-0.5803640375068946	-0.9023170258486476	0	No data	No data	0	0.5	-1
MECR	0.08139164392960976	No data	0.1315811349724969	No data	No data	No data	No data	No data	No data	No data	No data	No data	No data	No data	No data	No data	No data	No data	No data	0.04603877943460831	No data	No data	0	0	0	0	1	0.08847000000000023	No data	-0.013899613899613916	-0.9131605397292816	0	No data	No data	0	-1	-1
RYBP	0.08122951536513169	No data	0.13209655777255663	No data	No data	No data	No data	No data	No data	No data	No data	No data	No data	No data	No data	No data	No data	No data	0.030396539880581056	No data	No data	No data	0	0	0	0	0	0.9311950000000003	No data	-0.9716492002206288	-0.6785410813733802	No data	No data	No data	0	-1	0
TPPP	0.08050434130358128	No data	0.1285698189113248	No data	No data	No data	No data	No data	No data	No data	No data	No data	No data	No data	No data	No data	No data	No data	0.06839221473130737	0.019534448347240007	No data	No data	0	0	0	0	0	0.58904	No data	-0.359073359073359	-0.29219166673994185	0	No data	No data	0	1	0
C1orf141	0.08029349135757674	No data	0.132076696349364	No data	No data	No data	No data	No data	No data	No data	No data	No data	No data	No data	No data	No data	No data	No data	No data	No data	No data	No data	0	0	0	0	0	0	No data	0.9286265857694429	No data	0	255	No data	No data	0.5	0.5
IL4R	0.08021734765528502	0.12158615952232422	No data	No data	No data	No data	No data	No data	No data	No data	No data	No data	No data	No data	No data	No data	No data	No data	0.20730572437194766	No data	No data	1	1	1	0	0	0	0	No data	-0.5654715940430226	-0.8085784516644712	0	No data	No data	0	-1	-1
NSUN6	0.08020959229445465	No data	0.13193868876124426	No data	No data	No data	No data	No data	No data	No data	No data	No data	No data	No data	No data	No data	No data	No data	No data	No data	No data	No data	0	0	0	0	0	0.06183499999999995	No data	0.7131825703254275	0	0	No data	No data	0	0.5	-1
ZNF397	0.0800189341040674	No data	0.131625070515325	No data	No data	No data	No data	No data	No data	No data	No data	No data	No data	No data	No data	No data	No data	No data	No data	No data	No data	No data	1	0	0	0	0	0.1666649999999997	No data	0.003419746276889235	No data	0	No data	No data	0	-1	-1
UBE2V2	0.07993403558693828	No data	0.13148541890125534	No data	No data	No data	No data	No data	No data	No data	No data	No data	No data	No data	No data	No data	No data	No data	No data	No data	No data	No data	0	0	0	0	0	0.931035	No data	0.3819084390512961	No data	0	No data	No data	-0.7068974999999998	-1	-1
BTK	0.07920476116127481	0.12158615952232422	No data	No data	No data	No data	No data	No data	No data	No data	No data	No data	No data	No data	No data	No data	No data	No data	0.1414502983342839	0.0732214533631363	No data	1	1	0	1	1	1	0.9165399999999998	1	No data	-0.5995433845199712	0	255	255	0	0.5	0
TMEM17	0.07901582530145974	No data	0.1299750327041982	No data	No data	No data	No data	No data	No data	No data	No data	No data	No data	No data	No data	No data	No data	No data	No data	No data	No data	No data	0	0	0	0	0	0	No data	0.5055708769994485	No data	0	No data	No data	0	-1	0
SP5	0.07886909938790716	No data	0.12486740355562297	No data	No data	No data	No data	No data	No data	No data	No data	No data	No data	No data	No data	No data	No data	No data	No data	0.09732552324269922	No data	No data	0	0	0	0	0	0.8743699999999996	No data	0.2564809707666851	-0.1996424373807193	0	No data	No data	0	0.5	0
MTNR1B	0.07850492079927542	0.12158615952232422	No data	No data	No data	No data	No data	No data	No data	No data	No data	No data	No data	No data	No data	No data	No data	No data	0.1509694814068859	No data	No data	1	1	0	1	1	0	0	1	0.9451737451737452	-0.17073779750080204	0	255	No data	0	No data	No data
FNDC1	0.07775479628900195	No data	0.12672663796273514	No data	No data	No data	No data	No data	No data	No data	No data	No data	No data	No data	No data	No data	No data	No data	No data	0.02348195539628639	No data	No data	0	1	0	0	0	0	No data	-0.4709321566464424	No data	0	No data	No data	0	0.5	0
SLC29A4	0.07756779027493463	No data	0.12668122884293798	No data	No data	No data	No data	No data	No data	No data	No data	No data	No data	No data	No data	No data	No data	No data	0.01823792392834863	No data	No data	No data	0	0	0	0	0	0.3301900000000003	No data	0.3704357418643134	-0.10779255150558831	0	No data	No data	0	0.5	0
ENSG00000293563	0.0775312908002018	No data	0.12753308617493822	No data	No data	No data	No data	No data	No data	No data	No data	No data	No data	No data	No data	No data	No data	No data	No data	No data	No data	No data	No data	No data	No data	No data	No data	0.3243250000000003	No data	No data	No data	No data	No data	No data	No data	No data	No data
PRKCE	0.07724218962910268	0.12158615952232422	No data	No data	No data	No data	No data	No data	No data	No data	No data	No data	No data	No data	No data	No data	No data	No data	0.1094275435700918	No data	No data	1	1	0	1	1	0	0.8982349999999997	0	-0.9030336458907887	-0.6599556514062151	0	255	No data	0	0.5	-1
BMX	0.07714808030002593	0.12158615952232422	No data	No data	No data	No data	No data	No data	No data	No data	No data	No data	No data	No data	No data	No data	No data	No data	0.030396539880581056	0.09282191628347418	No data	1	1	0	1	1	1	0.3777799999999999	1	No data	0	0	No data	No data	0	1	0
FCAR	0.07706619265537287	No data	0.09864294839827292	No data	No data	No data	No data	No data	No data	No data	No data	No data	No data	No data	No data	No data	No data	No data	0.44708244074354636	0.2596934073415125	No data	No data	1	0	0	0	1	No data	No data	0.2720353006067291	No data	0	No data	No data	0	0.5	0.5
ITK	0.07689869852068638	0.12158615952232422	No data	No data	No data	No data	No data	No data	No data	No data	No data	No data	No data	No data	No data	No data	No data	No data	0.0912182240953723	0.015545213223140713	No data	1	0	0	1	1	1	0.7096800000000002	1	-0.5128516271373414	-0.12152563634765468	0	No data	No data	0	1	0.5
HNRNPAB	0.07676172664181397	No data	0.12072313138983337	No data	No data	No data	No data	No data	No data	No data	No data	No data	No data	No data	No data	No data	No data	No data	No data	0.11088160359900821	No data	No data	0	0	0	0	0	0.6234949999999998	No data	-0.5651406508549366	-0.21797747014036806	0	No data	No data	-0.10391499999999994	-1	-1
EPPK1	0.07675261565538881	No data	0.12625222468893987	No data	No data	No data	No data	No data	No data	No data	No data	No data	No data	No data	No data	No data	No data	No data	No data	No data	No data	No data	0	0	0	0	0	0	No data	0.9568670711527854	0	No data	No data	No data	0	1	0
MRTFB	0.07667268460468749	No data	0.12612074417994878	No data	No data	No data	No data	No data	No data	No data	No data	No data	No data	No data	No data	No data	No data	No data	No data	No data	No data	No data	0	0	0	0	0	0.19017499999999998	No data	-0.8448979591836735	-0.9712906387802467	0	No data	No data	0	-1	-1
PRM1	0.0762895563653157	No data	0.1254905273182978	No data	No data	No data	No data	No data	No data	No data	No data	No data	No data	No data	No data	No data	No data	No data	No data	No data	No data	No data	0	0	0	0	0	No data	No data	0.7606177606177607	0	0	No data	No data	No data	1	0
ACTN3	0.07615716671930818	No data	0.124344461889471	No data	No data	No data	No data	No data	No data	No data	No data	No data	No data	No data	No data	No data	No data	No data	No data	0.018565890278017718	No data	No data	0	0	0	0	0	0.855715	No data	-0.043022614451185826	No data	No data	No data	No data	-0.47558250000000013	1	0.5
ETS2	0.0761069678440241	No data	0.05051167491584875	No data	No data	No data	No data	No data	No data	No data	No data	No data	No data	No data	No data	No data	No data	No data	0.5617974572563856	0.009124779827095614	No data	No data	1	0	0	0	0	0.5842199999999999	No data	-0.7579702151130723	-0.42816956523739375	0	255	No data	0	-1	-1
TTPAL	0.07587289124087165	No data	0.12480514482726263	No data	No data	No data	No data	No data	No data	No data	No data	No data	No data	No data	No data	No data	No data	No data	No data	No data	No data	No data	0	0	0	0	0	0.7222200000000001	No data	0.06607832322118035	No data	0	No data	No data	0	0.5	-1
BSN	0.07569079852503427	No data	0.1229857891425458	No data	No data	No data	No data	No data	No data	No data	No data	No data	No data	No data	No data	No data	No data	No data	0.030396539880581056	No data	No data	No data	0	0	0	0	0	0.45236999999999983	No data	-0.9087699944842802	-0.7167653823736649	0	No data	No data	0	1	0.5
PRKCQ	0.0756002095089406	0.12158615952232422	No data	No data	No data	No data	No data	No data	No data	No data	No data	No data	No data	No data	No data	No data	No data	No data	0.05015429080295874	0.011822850960011658	No data	1	0	0	1	1	0	0.7379600000000004	No data	-0.6075013789299504	-0.8217924626805508	0	255	No data	-0.050992500000000086	0.75	0
YDJC	0.07557629537374998	No data	0.12431726714729163	No data	No data	No data	No data	No data	No data	No data	No data	No data	No data	No data	No data	No data	No data	No data	No data	No data	No data	No data	0	0	0	0	0	0.2879249999999999	No data	0.9530060672917815	-0.2611325170284626	0	No data	No data	No data	-1	0
FASLG	0.07528309471715666	No data	0.06535396142647237	No data	No data	No data	No data	No data	No data	No data	No data	No data	No data	No data	No data	No data	No data	No data	0.5283258241597795	0.08240936140156156	No data	0.7	1	1	0	0	0	0	No data	-0.5600661886376173	-0.9327625064154812	0	No data	No data	0	0.5	0.5
PRKCZ	0.07502471050099448	0.12158615952232422	No data	No data	No data	No data	No data	No data	No data	No data	No data	No data	No data	No data	No data	No data	No data	No data	0.03647584785669726	No data	No data	1	1	0	1	1	0	0.7804049999999997	0	-0.6007722007722007	-0.29978367231166175	0	No data	No data	-0.282095	0.5	0
ADAD1	0.07466776676539433	No data	0.12039952686679553	No data	No data	No data	No data	No data	No data	No data	No data	No data	No data	No data	No data	No data	No data	No data	0.04846559414292646	No data	No data	No data	0	0	0	0	0	0.453125	No data	-0.3193601765030336	-0.16131306872844392	0	No data	No data	0	1	1
CCNY	0.07436543917522871	No data	0.12058614308495784	No data	No data	No data	No data	No data	No data	No data	No data	No data	No data	No data	No data	No data	No data	No data	0.034787151196664985	No data	No data	No data	0	0	1	0	0	0.9120249999999999	No data	-0.34848317705460563	-0.6848120383535657	0	No data	No data	-0.3475075	-1	-1
PRKAA1	0.07410930321639123	No data	0.04576601417531978	No data	No data	No data	No data	No data	No data	No data	No data	No data	No data	No data	No data	No data	No data	No data	0.5523133644893565	No data	No data	1	0	0	1	1	0	0.93739	1	-0.6009928295642581	-0.28869775541786075	0	255	No data	-0.39624249999999994	-1	-1
PRKCI	0.07391597093694036	0.12158615952232422	No data	No data	No data	No data	No data	No data	No data	No data	No data	No data	No data	No data	No data	No data	No data	No data	No data	No data	No data	1	0	0	1	1	1	0.9161099999999998	0	-0.48847214561500274	No data	0	No data	No data	-0.2701350000000001	-1	-1
MTNR1A	0.07391597093694036	0.12158615952232422	No data	No data	No data	No data	No data	No data	No data	No data	No data	No data	No data	No data	No data	No data	No data	No data	No data	No data	No data	1	1	0	1	1	0	0.25714499999999985	1	0.9316050744622173	No data	0	No data	No data	0	0.5	1
TPH2	0.07391597093694036	0.12158615952232422	No data	No data	No data	No data	No data	No data	No data	No data	No data	No data	No data	No data	No data	No data	No data	No data	No data	No data	No data	1	No data	No data	1	1	0	0.6734699999999997	No data	-0.6347490347490348	-0.9434552629994577	0	No data	No data	-0.1224499999999999	No data	No data
TXK	0.07391597093694036	0.12158615952232422	No data	No data	No data	No data	No data	No data	No data	No data	No data	No data	No data	No data	No data	No data	No data	No data	No data	No data	No data	1	1	0	1	1	0	0.14611000000000018	No data	-0.21996690568119137	0	0	No data	No data	0	0.5	0
PRKD3	0.07391597093694036	0.12158615952232422	No data	No data	No data	No data	No data	No data	No data	No data	No data	No data	No data	No data	No data	No data	No data	No data	No data	No data	No data	1	1	0	1	1	0	0.7977550000000001	No data	-0.46254826254826253	-0.6199545273143711	0	No data	No data	-0.25842750000000014	-1	-1
TEC	0.07391597093694036	0.12158615952232422	No data	No data	No data	No data	No data	No data	No data	No data	No data	No data	No data	No data	No data	No data	No data	No data	No data	No data	No data	1	1	0	1	1	0	0.7543599999999998	No data	-0.13557639271924982	0	0	No data	No data	0	-1	0
PRKCH	0.07391597093694036	0.12158615952232422	No data	No data	No data	No data	No data	No data	No data	No data	No data	No data	No data	No data	No data	No data	No data	No data	No data	No data	No data	1	1	0	1	1	0	0.8828699999999998	No data	-0.7230005515719802	-0.6749885398899454	0	No data	No data	-0.11786250000000002	-1	-1
PRKD1	0.07391597093694036	0.12158615952232422	No data	No data	No data	No data	No data	No data	No data	No data	No data	No data	No data	No data	No data	No data	No data	No data	No data	No data	No data	1	1	0	1	1	0	0.6655700000000003	0	-0.34704908990623273	-0.7703862422732768	0	No data	No data	-0.21600999999999998	-1	0
KATNAL1	0.07391346580419492	No data	0.11890824923379054	No data	No data	No data	No data	No data	No data	No data	No data	No data	No data	No data	No data	No data	No data	No data	No data	0.053475790707798496	No data	No data	0	0	0	0	0	0.7142850000000003	No data	-0.1460562603419746	-0.7445345586725984	0	No data	No data	-0.18877500000000005	-1	-1
SLC38A6	0.07378207073158398	No data	0.1213659038519709	No data	No data	No data	No data	No data	No data	No data	No data	No data	No data	No data	No data	No data	No data	No data	No data	No data	No data	No data	1	0	0	0	0	0.1337699999999998	No data	0.71715388858246	No data	0	No data	No data	0	-1	-1
ANKRD46	0.07368945116353277	No data	0.12121355169541774	No data	No data	No data	No data	No data	No data	No data	No data	No data	No data	No data	No data	No data	No data	No data	No data	No data	No data	No data	0	0	0	0	0	0.8903500000000001	No data	-0.004633204633204602	0	0	No data	No data	No data	-1	-1
UBL3	0.0735251668054322	No data	0.12094331640096317	No data	No data	No data	No data	No data	No data	No data	No data	No data	No data	No data	No data	No data	No data	No data	No data	No data	No data	No data	0	0	0	0	0	0.9572650000000003	No data	-0.4463320463320464	No data	0	No data	No data	No data	-1	-1
TLR7	0.07138508011392346	0.09118961964174316	No data	No data	No data	No data	No data	No data	No data	No data	No data	No data	No data	No data	No data	No data	No data	No data	0.47312815693208005	No data	No data	1	0	0	1	1	0	0.04194499999999977	0	No data	-0.8571950431104471	0	No data	No data	0	0.5	0
LCE3D	0.0709837349820544	No data	0.11676285403030796	No data	No data	No data	No data	No data	No data	No data	No data	No data	No data	No data	No data	No data	No data	No data	No data	No data	No data	No data	No data	No data	0	0	0	No data	No data	No data	No data	0	No data	No data	-0.8913049999999998	0.5	0.5
PRXL2B	0.07093981291337255	No data	0.10962245753640248	No data	No data	No data	No data	No data	No data	No data	No data	No data	No data	No data	No data	No data	No data	No data	No data	0.14136296052125483	No data	No data	0	0	0	0	0	0.4191899999999997	No data	0.8790954219525648	0	0	No data	No data	No data	0.5	0
FDX2	0.0708389563997087	No data	0.11378901566658382	No data	No data	No data	No data	No data	No data	No data	No data	No data	No data	No data	No data	No data	No data	No data	0.0547137717850459	No data	No data	No data	0	0	0	0	0	0	No data	0.3385548814120243	-0.8129475847266256	-1	No data	No data	0	-1	-1
ENSG00000284779	0.07034906679912578	No data	0.11571887306171409	No data	No data	No data	No data	No data	No data	No data	No data	No data	No data	No data	No data	No data	No data	No data	No data	No data	No data	No data	No data	No data	No data	No data	No data	0	No data	No data	No data	No data	No data	No data	No data	1	1
BLM	0.07019612170197284	No data	0.11546728999049313	No data	No data	No data	No data	No data	No data	No data	No data	No data	No data	No data	No data	No data	No data	No data	No data	No data	No data	No data	0	0	1	1	0	0	0	-0.21025923883066744	-0.8025841755775506	0	No data	255	0	0.5	0.5
ACOD1	0.070178982185643	No data	0.07758465177964494	No data	No data	No data	No data	No data	No data	No data	No data	No data	No data	No data	No data	No data	No data	No data	0.4521282663637228	0.2527776256469121	No data	No data	0	0	0	0	0	0.11642500000000026	No data	0.7045780474351904	No data	0	No data	No data	No data	0.5	1
CTNNA2	0.07007141186022474	No data	0.11526215177042261	No data	No data	No data	No data	No data	No data	No data	No data	No data	No data	No data	No data	No data	No data	No data	No data	No data	No data	No data	1	0	0	0	0	0.742915	No data	-0.7000551571980144	-0.7092208263505081	0	No data	No data	-0.44123750000000006	0.75	0.5
SACK1D	0.07000460439322335	No data	0.11515225856010353	No data	No data	No data	No data	No data	No data	No data	No data	No data	No data	No data	No data	No data	No data	No data	No data	No data	No data	No data	0	0	0	0	0	0	No data	0.8086045228902372	-0.7654904367029686	No data	No data	No data	0	0.5	0
C5orf47	0.06992447508443841	No data	0.11502045193161926	No data	No data	No data	No data	No data	No data	No data	No data	No data	No data	No data	No data	No data	No data	No data	No data	No data	No data	No data	No data	No data	0	0	0	0	No data	0.9927192498621069	-0.4395229065692238	0	No data	No data	No data	1	1
TMEM121	0.06933742549665972	No data	0.11049538883083553	No data	No data	No data	No data	No data	No data	No data	No data	No data	No data	No data	No data	No data	No data	No data	No data	0.07118822210767727	No data	No data	0	0	0	0	0	0.8589350000000003	No data	0.3285162713734142	No data	0	No data	No data	No data	0.5	0
FADS1	0.0692909074571863	No data	0.10585971460390403	No data	No data	No data	No data	No data	No data	No data	No data	No data	No data	No data	No data	No data	No data	No data	0.030396539880581056	0.14886176051255398	No data	No data	0	0	1	1	0	0	No data	-0.7642581356867071	-0.8501091180381628	0	No data	No data	0	-1	-1
WDR7	0.06923786879077778	No data	0.11389103671469308	No data	No data	No data	No data	No data	No data	No data	No data	No data	No data	No data	No data	No data	No data	No data	No data	No data	No data	No data	0	0	0	0	0	0.7516800000000003	No data	-0.8416988416988417	No data	-1	No data	No data	0	-1	-1
NRIP1	0.06825834096657865	No data	0.10727881678422037	No data	No data	No data	No data	No data	No data	No data	No data	No data	No data	No data	No data	No data	No data	No data	0.09118961964174316	0.019867052527377204	No data	No data	0	0	0	0	0	0.23143499999999975	No data	-0.7010479867622725	-0.09001978450492665	0	No data	No data	No data	-1	-1
C1QTNF12	0.06761876110811306	No data	0.11122772752057804	No data	No data	No data	No data	No data	No data	No data	No data	No data	No data	No data	No data	No data	No data	No data	No data	No data	No data	No data	0	1	0	0	0	0	No data	0.8405956977385549	-0.5066334405948941	0	No data	No data	0	0.5	0.5
ANO2	0.06733302164513667	No data	0.11075770780106559	No data	No data	No data	No data	No data	No data	No data	No data	No data	No data	No data	No data	No data	No data	No data	No data	No data	No data	No data	1	0	0	1	0	0.6092199999999999	No data	0.09862107004964149	-0.23490943073303377	0	No data	No data	0	1	0
LRRC40	0.06729045122885435	No data	0.11068768269878494	No data	No data	No data	No data	No data	No data	No data	No data	No data	No data	No data	No data	No data	No data	No data	No data	No data	No data	No data	0	0	0	0	0	0.152825	No data	0.6500827357970216	No data	0	No data	No data	0	-1	-1
SUOX	0.06703232559233413	No data	0.10874325863296033	No data	No data	No data	No data	No data	No data	No data	No data	No data	No data	No data	No data	No data	No data	No data	0.030396539880581056	No data	No data	No data	0	0	0	0	0	0.2844050000000003	No data	0.2807501378929951	0	0	No data	No data	No data	-1	-1
TCTA	0.06679196484424071	No data	0.10986771044771286	No data	No data	No data	No data	No data	No data	No data	No data	No data	No data	No data	No data	No data	No data	No data	No data	No data	No data	No data	0	0	0	0	0	0.5631050000000002	No data	0.6377275234418092	No data	0	No data	No data	No data	-1	-1
SIRT1	0.06664976789751292	0.06079307976116211	No data	No data	No data	No data	No data	No data	No data	No data	No data	No data	No data	No data	No data	No data	No data	No data	0.4721776866375517	No data	No data	0.2	0	0	1	1	0	0.31057500000000005	No data	-0.6580253723110866	-0.9718753897854998	0	255	No data	0	-1	-1
CCDC198	0.06608045460884988	No data	0.10869733013767406	No data	No data	No data	No data	No data	No data	No data	No data	No data	No data	No data	No data	No data	No data	No data	No data	No data	No data	No data	0	0	0	0	0	0	No data	-0.44478764478764476	-0.7110055081687202	0	No data	No data	No data	0.5	0.5
PRM2	0.06519013813429889	No data	0.10723282714152912	No data	No data	No data	No data	No data	No data	No data	No data	No data	No data	No data	No data	No data	No data	No data	No data	No data	No data	No data	0	0	0	0	0	0	No data	0.014230557087699935	0	0	No data	No data	No data	1	0
TMEM174	0.06508316688386324	No data	0.10705686755722134	No data	No data	No data	No data	No data	No data	No data	No data	No data	No data	No data	No data	No data	No data	No data	No data	No data	No data	No data	0	0	0	0	0	0.07407499999999985	No data	0.42658576944291227	-0.6410902875805791	0	No data	No data	No data	1	1
FUT8	0.06477758422270016	No data	0.0396678027280771	No data	No data	No data	No data	No data	No data	No data	No data	No data	No data	No data	No data	No data	No data	No data	0.47258176031003374	0.09544070427396018	No data	No data	0	0	0	1	0	0.8260849999999997	No data	-0.4820739106453392	-0.7643321621696105	0	No data	No data	No data	-1	-1
DST	0.06459156556704394	No data	0.10533632452344896	No data	No data	No data	No data	No data	No data	No data	No data	No data	No data	No data	No data	No data	No data	No data	0.01823792392834863	No data	No data	No data	0	0	0	0	0	0	No data	-0.8892443463872035	-0.921397749612374	0	No data	No data	0	-1	-1
IKZF3	0.0645169369611178	No data	0.09719421984186281	No data	No data	No data	No data	No data	No data	No data	No data	No data	No data	No data	No data	No data	No data	No data	0.15925159078642276	0.043589832692196	No data	No data	0	0	1	1	0	0.3320250000000001	0	-0.9276337562051847	-0.6952926650575642	0	No data	255	0	0.75	0
RMND1	0.064219915391307	No data	0.10563688440132973	No data	No data	No data	No data	No data	No data	No data	No data	No data	No data	No data	No data	No data	No data	No data	No data	No data	No data	No data	0	0	0	0	0	0.10912999999999969	No data	-0.20308880308880306	No data	0	No data	No data	No data	-1	-1
NPIPB13	0.06402599076131335	No data	0.10531789311028884	No data	No data	No data	No data	No data	No data	No data	No data	No data	No data	No data	No data	No data	No data	No data	No data	No data	No data	No data	0	0	0	0	0	No data	No data	No data	No data	No data	No data	No data	-0.9802275000000001	-1	-1
UQCC5	0.06383758293785408	No data	0.10500797654708878	No data	No data	No data	No data	No data	No data	No data	No data	No data	No data	No data	No data	No data	No data	No data	No data	No data	No data	No data	0	0	0	0	0	0.7142850000000003	No data	0.7266409266409266	No data	0	No data	No data	No data	0.5	-1
HES1	0.06378012236999868	No data	0.09308262009882182	No data	No data	No data	No data	No data	No data	No data	No data	No data	No data	No data	No data	No data	No data	No data	0.23661676354607938	No data	No data	No data	0	0	0	0	0	0.8928550000000002	No data	-0.5584114726971869	-0.938364962007889	0	No data	No data	0	-1	0
NEFL	0.06338903979626008	No data	0.10366222634082703	No data	No data	No data	No data	No data	No data	No data	No data	No data	No data	No data	No data	No data	No data	No data	0.012158615952232422	No data	No data	No data	0	0	0	0	0	0.7790050000000001	No data	0.031218974076116845	-0.2785211224745593	No data	No data	No data	0	0.75	0
ZNF300	0.06278889229187729	No data	0.10328296006479049	No data	No data	No data	No data	No data	No data	No data	No data	No data	No data	No data	No data	No data	No data	No data	No data	No data	No data	No data	0	0	0	0	0	No data	No data	-0.05394373965802535	No data	0	No data	No data	0	-1	0
NR3C2	0.06267268446047188	0.09118961964174316	No data	No data	No data	No data	No data	No data	No data	No data	No data	No data	No data	No data	No data	No data	No data	No data	0.2380437472881304	No data	No data	1	0	0	1	1	0	0.5426850000000002	1	-0.9105350248207391	-0.8903501003255712	0	255	No data	0	-1	-1
IKZF4	0.06265100830755836	No data	0.10305615138054447	No data	No data	No data	No data	No data	No data	No data	No data	No data	No data	No data	No data	No data	No data	No data	No data	No data	No data	No data	0	0	0	0	0	0.7435899999999996	No data	-0.8039713182570325	-0.21347364310634276	0	No data	No data	0	-1	-1
POLR2L	0.06225489967088032	No data	0.1024045827509665	No data	No data	No data	No data	No data	No data	No data	No data	No data	No data	No data	No data	No data	No data	No data	No data	No data	No data	No data	0	0	0	0	0	1	No data	0.8968560397131826	0	-1	No data	No data	0	-1	-1
SCN2A	0.06203543799990561	No data	0.09737202449794106	No data	No data	No data	No data	No data	No data	No data	No data	No data	No data	No data	No data	No data	No data	No data	0.09343120937354885	No data	No data	1	1	0	1	1	0	0.9052349999999997	1	-0.9755102040816327	-0.7879993830187495	0	No data	No data	-0.6920200000000001	1	0.5
TPSD1	0.06198577815641323	No data	0.10089801939907914	No data	No data	No data	No data	No data	No data	No data	No data	No data	No data	No data	No data	No data	No data	No data	0.021277577916406734	No data	No data	No data	0	1	1	1	0	No data	No data	0.8183121897407613	0	0	No data	No data	-0.5661149999999999	0.5	0
SNTN	0.061860487242250795	No data	0.10175580425483001	No data	No data	No data	No data	No data	No data	No data	No data	No data	No data	No data	No data	No data	No data	No data	No data	No data	No data	No data	0	0	0	0	0	0	No data	0.5599558742415884	No data	0	No data	No data	0	1	0.5
INTS11	0.0617454810322607	No data	0.10156662777217455	No data	No data	No data	No data	No data	No data	No data	No data	No data	No data	No data	No data	No data	No data	No data	No data	No data	No data	No data	0	0	0	0	0	0.8583350000000003	No data	0.41886376172090456	-0.022023425318627998	-1	No data	No data	0	-1	-1
WNT4	0.06170054009516718	No data	0.09700921371077476	No data	No data	No data	No data	No data	No data	No data	No data	No data	No data	No data	No data	No data	No data	No data	0.08966979264771412	No data	No data	No data	0	1	0	0	0	0.94302	No data	-0.443684500827358	-0.8854824671077657	0	No data	No data	0	0.5	0
DCAF17	0.06167801270498068	No data	0.10145564749687828	No data	No data	No data	No data	No data	No data	No data	No data	No data	No data	No data	No data	No data	No data	No data	No data	No data	No data	No data	0	0	0	0	0	0.5192300000000003	No data	-0.1959183673469388	0	0	No data	No data	No data	-1	-1
COMMD7	0.06144894751806654	No data	0.10107885265803467	No data	No data	No data	No data	No data	No data	No data	No data	No data	No data	No data	No data	No data	No data	No data	No data	No data	No data	No data	0	0	0	0	0	0.4	No data	0.3118587975730833	No data	0	No data	No data	0	-1	-1
ICOS	0.061247309196933206	No data	0.031094417931131036	No data	No data	No data	No data	No data	No data	No data	No data	No data	No data	No data	No data	No data	No data	No data	0.4576646210618128	0.06482899060416693	No data	0.5	1	0	0	1	0	0	No data	0.48108108108108105	-0.28523442701614776	0	No data	No data	No data	0.75	0.5
CDC37	0.06102583172466814	No data	0.10038285930638889	No data	No data	No data	No data	No data	No data	No data	No data	No data	No data	No data	No data	No data	No data	No data	No data	No data	No data	No data	0	0	0	1	0	0.7619050000000002	No data	-0.870711527854385	-0.05373224667943238	-1	No data	No data	0	-1	-1
SYMPK	0.060742211772777395	No data	0.09930839522405967	No data	No data	No data	No data	No data	No data	No data	No data	No data	No data	No data	No data	No data	No data	No data	0.012158615952232422	No data	No data	No data	1	0	0	0	0	0.7213500000000004	No data	-0.7030336458907888	-0.10129547872063965	-1	No data	No data	No data	-1	-1
FGGY	0.06025817091783247	No data	0.09912011557001038	No data	No data	No data	No data	No data	No data	No data	No data	No data	No data	No data	No data	No data	No data	No data	No data	No data	No data	No data	0	0	0	0	0	0.5553550000000002	No data	0.38830667402095975	0	0	No data	No data	0	0.5	-1
PEX13	0.06024516084759375	No data	0.09757888799833361	No data	No data	No data	No data	No data	No data	No data	No data	No data	No data	No data	No data	No data	No data	No data	0.030396539880581056	No data	No data	No data	0	0	0	0	0	0.5533499999999997	No data	0.33094318808604517	-0.7758959790899539	0	No data	No data	No data	-1	-1
GRM4	0.05966148170263813	No data	0.09467132026861068	No data	No data	No data	No data	No data	No data	No data	No data	No data	No data	No data	No data	No data	No data	No data	0.01823792392834863	0.061239993049203134	No data	0.2	1	0	1	1	0	0.8574550000000002	0	-0.7047986762272477	No data	0	No data	No data	-0.3475874999999998	1	1
KCP	0.0592220333813056	No data	0.09741574799956067	No data	No data	No data	No data	No data	No data	No data	No data	No data	No data	No data	No data	No data	No data	No data	No data	No data	No data	No data	0	1	0	0	0	0	No data	0.27391064533921683	-0.43423810300908944	No data	No data	No data	0	1	0.5
AMT	0.059075749155632885	No data	0.09535132916330918	No data	No data	No data	No data	No data	No data	No data	No data	No data	No data	No data	No data	No data	No data	No data	0.03647584785669726	No data	No data	No data	0	0	0	0	1	0.44168499999999966	No data	-0.28008825151682293	-0.8559011602374256	0	No data	No data	0	0.5	-1
C1orf115	0.05879944332238143	No data	0.09321893804696142	No data	No data	No data	No data	No data	No data	No data	No data	No data	No data	No data	No data	No data	No data	No data	No data	0.07003362788485874	No data	No data	0	0	0	0	0	0	No data	0.9983452840595697	No data	0	No data	No data	No data	0.5	0
TMEM213	0.058461033188138	No data	0.09357829455179593	No data	No data	No data	No data	No data	No data	No data	No data	No data	No data	No data	No data	No data	No data	No data	No data	0.05171331830218283	No data	No data	0	0	0	0	0	0	No data	0.6511858797573082	No data	0	No data	No data	No data	0.75	0.5
CLN3	0.05838644862877354	No data	0.09604127453018747	No data	No data	No data	No data	No data	No data	No data	No data	No data	No data	No data	No data	No data	No data	No data	No data	No data	No data	No data	1	0	0	0	0	0.29223500000000013	No data	0.09851075565361289	-0.872801548624948	0	No data	No data	No data	-1	-1
SLC26A8	0.05820886265023572	No data	0.09257041319931959	No data	No data	No data	No data	No data	No data	No data	No data	No data	No data	No data	No data	No data	No data	No data	0.034787151196664985	0.04811396152914026	No data	No data	0	0	0	0	0	0	No data	-0.3053502482073911	0	0	No data	No data	0	1	0.5
ING5	0.05740085958399951	No data	0.09442005539036742	No data	No data	No data	No data	No data	No data	No data	No data	No data	No data	No data	No data	No data	No data	No data	No data	No data	No data	No data	0	0	0	0	0	0.7291649999999997	No data	-0.49751792608935463	-0.8224765439625159	0	No data	No data	-0.32291750000000013	-1	-1
MAPK3	0.057241912159407646	No data	0.031658643154510495	No data	No data	No data	No data	No data	No data	No data	No data	No data	No data	No data	No data	No data	No data	No data	0.43121969078828576	No data	No data	0.2	0	0	1	1	0	0.85488	1	-0.0578047435190292	-0.7405244628711832	0	255	No data	-0.5580475	-1	-1
DIO3	0.057167110368123934	No data	0.09221176328672023	No data	No data	No data	No data	No data	No data	No data	No data	No data	No data	No data	No data	No data	No data	No data	0.03647584785669726	No data	No data	No data	0	0	0	0	0	0.7368400000000002	No data	-0.6477661334804192	-0.7498461096048087	0	255	No data	0	0.5	0
SELL	0.05701589175611848	No data	0.04882817770079993	No data	No data	No data	No data	No data	No data	No data	No data	No data	No data	No data	No data	No data	No data	No data	0.3890613573903437	0.16953734889160466	No data	0.7	0	0	1	1	0	0	No data	0.33954771097628234	-0.21591019368923825	0	No data	No data	0	0.75	0
FNDC4	0.05671821538337807	No data	0.04161386645024231	No data	No data	No data	No data	No data	No data	No data	No data	No data	No data	No data	No data	No data	No data	No data	0.08190178801156561	No data	0.40536825584742897	No data	0	0	0	0	0	0.7222200000000001	No data	-0.4396028681742967	-0.19813303277206457	0	No data	No data	0	0.5	0
LIF	0.05643129971863057	No data	0.03401312624748073	No data	No data	No data	No data	No data	No data	No data	No data	No data	No data	No data	No data	No data	No data	No data	0.41814574940294924	0.03117472159785356	No data	No data	0	1	0	0	0	0.009899999999999664	No data	0.19084390512961935	-0.9587007441240855	0	No data	No data	No data	0.5	0
SCUBE3	0.05633415330551473	No data	0.09266540456057636	No data	No data	No data	No data	No data	No data	No data	No data	No data	No data	No data	No data	No data	No data	No data	No data	No data	No data	No data	1	1	0	0	0	0.7935549999999999	No data	-0.7930501930501931	-0.900967188306844	0	No data	No data	-0.14148999999999995	0.75	0
NAP1L5	0.05627175348577317	No data	0.08520472362125088	No data	No data	No data	No data	No data	No data	No data	No data	No data	No data	No data	No data	No data	No data	No data	No data	0.14716075948124943	No data	No data	0	0	0	0	0	0	No data	0.914726971869829	No data	0	No data	No data	0	1	-1
RLN1	0.05603977860156413	No data	0.09218118052536196	No data	No data	No data	No data	No data	No data	No data	No data	No data	No data	No data	No data	No data	No data	No data	No data	No data	No data	No data	0	1	0	0	0	0	No data	0.7525648097076669	-0.6559469928642533	0	No data	No data	-0.554055	1	1
CAPN10	0.05525850883118252	No data	0.09028812027970957	No data	No data	No data	No data	No data	No data	No data	No data	No data	No data	No data	No data	No data	No data	No data	0.012158615952232422	No data	No data	No data	0	0	0	0	0	0.05506000000000029	No data	0.2675124103695532	-0.18442220312753277	0	255	No data	0	-1	-1
MST1R	0.05508649425764321	No data	0.08398386812199342	No data	No data	No data	No data	No data	No data	No data	No data	No data	No data	No data	No data	No data	No data	No data	0.13258464086911445	No data	No data	1	0	0	1	1	0	0	1	0.02857142857142847	-0.8090149854828396	0	No data	No data	0	0.5	0
ACSS3	0.05488165488741084	No data	0.08875632796147659	No data	No data	No data	No data	No data	No data	No data	No data	No data	No data	No data	No data	No data	No data	No data	0.030396539880581056	No data	No data	No data	0	0	0	0	0	0.5116599999999998	No data	-0.06629895201323777	0	0	No data	No data	0	0.5	0
IFNA7	0.05446636389999828	No data	0.08959303281554479	No data	No data	No data	No data	No data	No data	No data	No data	No data	No data	No data	No data	No data	No data	No data	No data	No data	No data	1	0	1	0	0	0	0	No data	0.9267512410369554	No data	0	No data	No data	-0.8412700000000001	No data	No data
CCDC116	0.05445275017825832	No data	0.08957063927701467	No data	No data	No data	No data	No data	No data	No data	No data	No data	No data	No data	No data	No data	No data	No data	No data	No data	No data	No data	0	0	0	0	0	0	No data	0.33028130170987313	0	0	No data	No data	No data	1	0.5
SLC16A1	0.054306445004834114	No data	0.03471348144734748	No data	No data	No data	No data	No data	No data	No data	No data	No data	No data	No data	No data	No data	No data	No data	0.3678436693456148	0.23808382025729577	No data	No data	1	0	1	1	0	0.3	1	-0.5801434087148373	No data	0	No data	No data	0	-1	-1
ICOSLG	0.05364899087135551	No data	0.07766529058048804	No data	No data	No data	No data	No data	No data	No data	No data	No data	No data	No data	No data	No data	No data	No data	0.2116645133721747	No data	No data	0.2	1	0	0	1	0	0	No data	No data	-0.11521928048946667	0	No data	No data	0	-1	0
TTF1	0.053630497304554776	No data	0.08545707669683068	No data	No data	No data	No data	No data	No data	No data	No data	No data	No data	No data	No data	No data	No data	No data	0.055220380783055585	No data	No data	No data	0	0	0	0	0	0	No data	0.0896856039713183	No data	-1	No data	No data	0	-1	-1
RGS19	0.053460319776319674	No data	0.08793816662414429	No data	No data	No data	No data	No data	No data	No data	No data	No data	No data	No data	No data	No data	No data	No data	No data	No data	No data	No data	0	0	0	1	0	0.5161299999999998	No data	-0.30943188086045226	No data	0	No data	No data	0	0.5	0
HSPA6	0.053280966324992234	No data	0.07929012084573361	No data	No data	No data	No data	No data	No data	No data	No data	No data	No data	No data	No data	No data	No data	No data	0.1510539162398875	0.036014722103093845	No data	No data	0	0	0	0	0	No data	No data	0.9128516271373415	No data	0	No data	No data	-0.5256599999999999	0.5	0
FLACC1	0.05298841046568178	No data	0.08716191164168266	No data	No data	No data	No data	No data	No data	No data	No data	No data	No data	No data	No data	No data	No data	No data	No data	No data	No data	No data	1	0	0	0	0	0	No data	0.39591836734693886	No data	0	No data	No data	No data	0.5	0
RAC1	0.05274289136495582	No data	0.07317060632201607	No data	No data	No data	No data	No data	No data	No data	No data	No data	No data	No data	No data	No data	No data	No data	0.27174890083998504	No data	No data	No data	0	0	1	1	1	1	No data	-0.9230005515719801	-0.8863860192820477	-1	No data	255	-0.8177074999999998	-1	-1
NUPR1	0.05250944940856456	No data	0.08471231036320832	No data	No data	No data	No data	No data	No data	No data	No data	No data	No data	No data	No data	No data	No data	No data	No data	0.03323493417030395	No data	No data	0	0	0	0	0	0	No data	0.8211803640375068	-0.2035914972095168	0	No data	No data	0	0.5	-1
LINGO4	0.052190973625293985	No data	0.08585018859109748	No data	No data	No data	No data	No data	No data	No data	No data	No data	No data	No data	No data	No data	No data	No data	No data	No data	No data	No data	0	0	0	0	0	0.7133200000000002	No data	0.29597352454495307	No data	0	No data	No data	0	0.5	0.5
STARD4	0.052140630739941796	No data	0.0851661452705135	No data	No data	No data	No data	No data	No data	No data	No data	No data	No data	No data	No data	No data	No data	No data	No data	0.012024661937421443	No data	No data	1	0	0	0	0	0.3414650000000002	No data	0.7674572531715389	-0.6494849164193358	0	No data	No data	0	-1	-1
TNFSF14	0.05163045862080768	0.07599134970145263	No data	No data	No data	No data	No data	No data	No data	No data	No data	No data	No data	No data	No data	No data	No data	No data	0.16067920315760323	0.040629334996241634	No data	0.2	0	1	0	0	0	0	No data	-0.08604522890237176	0	0	No data	No data	0	0.75	0
KBTBD11	0.05136493559800905	No data	0.08449141875984335	No data	No data	No data	No data	No data	No data	No data	No data	No data	No data	No data	No data	No data	No data	No data	No data	No data	No data	No data	0	0	0	0	0	0.07704499999999967	No data	0.9789299503585218	-0.07791579250156694	0	No data	No data	0	0.5	0
OR6J1	0.05118093006776009	No data	0.08418874363469446	No data	No data	No data	No data	No data	No data	No data	No data	No data	No data	No data	No data	No data	No data	No data	No data	No data	No data	No data	1	0	0	0	0	No data	No data	No data	No data	No data	No data	No data	0	No data	No data
FSCN1	0.05092588920708664	No data	0.07254572060819071	No data	No data	No data	No data	No data	No data	No data	No data	No data	No data	No data	No data	No data	No data	No data	0.17632188436395052	0.10833326813439087	No data	No data	1	0	1	1	0	0.8275849999999998	No data	-0.6767788196359625	-0.6967706552649113	0	No data	No data	0	-1	0
SMCHD1	0.05072266677290111	No data	0.08282700451439322	No data	No data	No data	No data	No data	No data	No data	No data	No data	No data	No data	No data	No data	No data	No data	0.012158615952232422	No data	No data	No data	0	0	0	0	0	0.33416500000000016	No data	-0.8518477661334805	-0.7940735438427465	0	No data	No data	No data	-1	-1
SYCP2	0.05039359214612797	No data	0.08289363253862014	No data	No data	No data	No data	No data	No data	No data	No data	No data	No data	No data	No data	No data	No data	No data	No data	No data	No data	No data	0	0	0	0	0	0	No data	-0.8328736900165472	0	0	No data	No data	0	0.75	0
AAGAB	0.05027671523879415	No data	0.08270137890088211	No data	No data	No data	No data	No data	No data	No data	No data	No data	No data	No data	No data	No data	No data	No data	No data	No data	No data	No data	0	0	0	0	0	0.26983999999999997	No data	0.3255377826806398	-0.022023425318627998	0	No data	No data	No data	-1	-1
LCE3B	0.0502747364250148	No data	0.08269812390247255	No data	No data	No data	No data	No data	No data	No data	No data	No data	No data	No data	No data	No data	No data	No data	No data	No data	No data	No data	No data	No data	0	0	0	No data	No data	No data	No data	0	No data	No data	-0.473685	1	1
FOXD1	0.050109363409748545	No data	0.07938644386158744	No data	No data	No data	No data	No data	No data	No data	No data	No data	No data	No data	No data	No data	No data	No data	0.06079307976116211	No data	No data	No data	0	0	0	0	0	0.0645150000000001	No data	0.9592939878654165	-0.7045662258724222	No data	No data	No data	0	-1	0
THY1	0.04943835960926399	No data	0.035633466802261926	No data	No data	No data	No data	No data	No data	No data	No data	No data	No data	No data	No data	No data	No data	No data	0.3452565628968015	0.15132007211951407	No data	No data	1	0	0	0	0	0	No data	0.20286817429674575	0	0	No data	No data	No data	0.5	0
SLC22A4	0.04938492215139633	No data	0.06216165923783233	No data	No data	No data	No data	No data	No data	No data	No data	No data	No data	No data	No data	No data	No data	No data	0.23610277198279073	0.021049871191689513	0.27125872189430533	No data	0	0	0	0	0	0.25589999999999974	No data	0.022393822393822482	-0.548911869075967	0	No data	No data	-0.43284999999999985	0.5	0
ABRA	0.049191283534031655	No data	0.0809159261667439	No data	No data	No data	No data	No data	No data	No data	No data	No data	No data	No data	No data	No data	No data	No data	No data	No data	No data	No data	0	0	0	0	0	0	No data	0.042471042471042386	No data	0	No data	No data	No data	0.5	0.5
CPQ	0.04894837579707334	No data	0.0800658866489555	No data	No data	No data	No data	No data	No data	No data	No data	No data	No data	No data	No data	No data	No data	No data	No data	0.00900949470459743	No data	No data	0	1	0	0	0	0.385595	No data	0.19658025372311094	0	0	No data	No data	No data	0.5	-1
RHOA	0.0489301181167948	No data	0.07265500725135066	No data	No data	No data	No data	No data	No data	No data	No data	No data	No data	No data	No data	No data	No data	No data	0.15662643270277624	No data	No data	No data	1	0	1	1	0	0.9740949999999998	No data	-0.7595146166574738	0	0	No data	255	-0.792745	-1	-1
CCR5	0.04852046078879461	0.06079307976116211	0.057470149503650564	No data	No data	No data	No data	No data	No data	No data	No data	No data	No data	No data	No data	No data	No data	No data	0.2093335448132689	No data	No data	1	1	0	1	1	0	0.11931999999999973	1	0.7373414230557087	-0.9378199235698678	0	No data	No data	-0.3323875000000001	0.5	0
FOXA3	0.04849575011944042	No data	0.07977182651375085	No data	No data	No data	No data	No data	No data	No data	No data	No data	No data	No data	No data	No data	No data	No data	No data	No data	No data	No data	0	0	0	0	0	0.42856999999999984	No data	0.14649751792608945	-0.6876887854986382	0	No data	No data	0	0.75	0.5
SAG	0.04799280446957083	No data	0.07894451910993859	No data	No data	No data	No data	No data	No data	No data	No data	No data	No data	No data	No data	No data	No data	No data	No data	No data	No data	No data	0	0	0	0	0	0.37036999999999975	No data	-0.0776613348041919	-0.208776039941779	0	No data	No data	0	1	0.5
MEI4	0.04797099401518739	No data	0.07890864256861328	No data	No data	No data	No data	No data	No data	No data	No data	No data	No data	No data	No data	No data	No data	No data	No data	No data	No data	No data	0	0	0	0	0	0	No data	0.5512410369553227	-0.2747169981275696	0	No data	No data	No data	0.5	0.5
OLFM1	0.047933902720408955	No data	0.07739172492281818	No data	No data	No data	No data	No data	No data	No data	No data	No data	No data	No data	No data	No data	No data	No data	0.024317231904464845	0.01080196592032807	No data	No data	0	1	0	0	0	0.9175249999999998	No data	-0.8646442360728075	-0.3011786508064371	0	No data	No data	0	1	0
ANGEL2	0.047581196594170344	No data	0.07826745540956748	No data	No data	No data	No data	No data	No data	No data	No data	No data	No data	No data	No data	No data	No data	No data	No data	No data	No data	No data	0	0	0	0	0	0.2738950000000003	No data	-0.30347490347490347	-0.08945751874593927	0	No data	No data	0	-1	-1
GPX4	0.047484695890363166	No data	0.032561258116976924	No data	No data	No data	No data	No data	No data	No data	No data	No data	No data	No data	No data	No data	No data	No data	0.349842022750791	No data	No data	No data	0	0	1	1	0	0.64467	0	0.5926089354660784	-0.8998704920816477	0	No data	No data	0	-1	-1
CASP8	0.047363363330610614	No data	0.04886778763090629	No data	No data	No data	No data	No data	No data	No data	No data	No data	No data	No data	No data	No data	No data	No data	0.32846094662020264	No data	No data	0.2	0	0	1	1	1	0	0	-0.4422504136789851	-0.9541353434770324	0	255	255	0	0.5	-1
ADCY2	0.047357221752392036	No data	0.07789903380194661	No data	No data	No data	No data	No data	No data	No data	No data	No data	No data	No data	No data	No data	No data	No data	No data	No data	No data	No data	0	0	1	1	0	0.7800199999999997	No data	-0.8639823496966355	0	0	No data	No data	0	0.75	0
PHF24	0.047233319743494956	No data	0.07769522440557476	No data	No data	No data	No data	No data	No data	No data	No data	No data	No data	No data	No data	No data	No data	No data	No data	No data	No data	No data	No data	No data	0	0	0	0.55	No data	-0.28185328185328185	No data	0	No data	No data	0	0.75	0.5
LCE3A	0.04713742891706448	No data	0.07753749127738452	No data	No data	No data	No data	No data	No data	No data	No data	No data	No data	No data	No data	No data	No data	No data	No data	No data	No data	No data	No data	No data	0	0	0	No data	No data	0.8890237175951461	No data	0	No data	No data	-0.5505624999999998	1	0.5
NXPE3	0.047126565771888215	No data	0.06994069847932136	No data	No data	No data	No data	No data	No data	No data	No data	No data	No data	No data	No data	No data	No data	No data	No data	0.1515784749824102	No data	No data	0	1	0	0	0	0.4275500000000001	No data	-0.2796469939327082	No data	0	No data	No data	0	0.5	-1
DSE	0.04706528920665728	No data	0.07305787202208473	No data	No data	No data	No data	No data	No data	No data	No data	No data	No data	No data	No data	No data	No data	No data	0.06079307976116211	0.0594585414636205	No data	No data	0	0	0	0	0	0.6868499999999997	No data	-0.6175399889685604	-0.4906709158136621	0	No data	No data	0	-1	-1
CRIP1	0.04683929380798505	No data	0.07058781693664895	No data	No data	No data	No data	No data	No data	No data	No data	No data	No data	No data	No data	No data	No data	No data	0.1291852944924695	No data	No data	No data	1	0	0	0	0	0.8701300000000003	No data	0.6457804743519029	No data	0	No data	No data	-0.18831249999999997	0.5	0
PLA2G2E	0.046710306033509695	No data	0.07532352305597338	No data	No data	No data	No data	No data	No data	No data	No data	No data	No data	No data	No data	No data	No data	No data	0.030227670214577826	No data	No data	No data	0	1	1	1	0	0.22535000000000024	No data	0.4972972972972973	-0.4818013350502967	0	No data	No data	0	1	1
JRKL	0.04670210923718722	No data	0.07682142345915997	No data	No data	No data	No data	No data	No data	No data	No data	No data	No data	No data	No data	No data	No data	No data	No data	No data	No data	No data	0	0	0	0	0	0.6946550000000002	No data	0.05758411472697178	No data	0	No data	No data	-0.0505725	-1	-1
SYDE2	0.046622850061102485	No data	0.07669104813289566	No data	No data	No data	No data	No data	No data	No data	No data	No data	No data	No data	No data	No data	No data	No data	No data	No data	No data	No data	0	0	0	0	0	0	No data	0.0442360728075013	No data	0	No data	No data	0	0.5	0
MELTF	0.04644733821555606	No data	0.07549044827771319	No data	No data	No data	No data	No data	No data	No data	No data	No data	No data	No data	No data	No data	No data	No data	0.01823792392834863	No data	No data	No data	1	0	0	0	0	0.18699000000000013	No data	0.1320463320463321	No data	0	No data	No data	0	0.5	0
EMP1	0.046387082649529156	No data	0.0763032286434084	No data	No data	No data	No data	No data	No data	No data	No data	No data	No data	No data	No data	No data	No data	No data	No data	No data	No data	No data	0	0	0	0	0	0	No data	-0.5329288472145615	No data	0	No data	No data	0	0.5	-1
ZGLP1	0.046101995753899325	No data	0.04475743189240501	No data	No data	No data	No data	No data	No data	No data	No data	No data	No data	No data	No data	No data	No data	No data	0.3232246218726416	No data	No data	No data	0	0	0	0	0	0	No data	-0.12344180915609482	-0.2016518739023554	0	No data	No data	0	0.5	0
ATP6V0A1	0.046039702104923017	No data	0.07459194377969175	No data	No data	No data	No data	No data	No data	No data	No data	No data	No data	No data	No data	No data	No data	No data	0.02279740491043579	No data	No data	No data	0	0	0	0	0	0.80884	No data	-0.7111969111969112	-0.8935437129612641	0	No data	No data	-0.05914000000000001	0.5	-1
HSD17B1	0.04576725904060946	No data	0.07528366587186466	No data	No data	No data	No data	No data	No data	No data	No data	No data	No data	No data	No data	No data	No data	No data	No data	No data	No data	No data	0	0	1	1	1	0	0	0.2250413678985108	-0.7050673912861934	0	No data	No data	0	1	0
SPDEF	0.04554365633481119	No data	0.045811338556892164	No data	No data	No data	No data	No data	No data	No data	No data	No data	No data	No data	No data	No data	No data	No data	0.03698245685470695	No data	0.31320594692950715	No data	0	0	0	0	0	0.2686549999999997	No data	-0.5970215113072256	-0.6112129998752486	0	No data	No data	0	0.5	0
CRIP2	0.045428420665821624	No data	0.06788708100125673	No data	No data	No data	No data	No data	No data	No data	No data	No data	No data	No data	No data	No data	No data	No data	0.13678442946261474	No data	No data	No data	1	0	0	0	0	0.6394249999999999	No data	0.717484831770546	No data	0	No data	No data	-0.026442499999999924	0.5	-1
REXO2	0.04540277457287379	No data	0.07407618580126404	No data	No data	No data	No data	No data	No data	No data	No data	No data	No data	No data	No data	No data	No data	No data	0.012158615952232422	No data	No data	No data	0	0	0	0	0	0.7046399999999998	No data	0.5260893546607832	-0.20407843677721527	0	No data	No data	No data	-1	-1
TNFSF13B	0.04540230857381446	No data	0.03173401752236639	No data	No data	No data	No data	No data	No data	No data	No data	No data	No data	No data	No data	No data	No data	No data	0.3324188849652636	0.011973091147357316	No data	1	1	1	0	0	0	0	No data	-0.7381136238279096	0	0	No data	No data	0	0.5	0
SPCS1	0.04528652724525174	No data	0.07449289857195755	No data	No data	No data	No data	No data	No data	No data	No data	No data	No data	No data	No data	No data	No data	No data	No data	No data	No data	No data	0	0	0	0	0	0	No data	0.03993381136238283	No data	0	No data	No data	No data	-1	-1
PLEC	0.04524734948503215	No data	0.04179116221858456	No data	No data	No data	No data	No data	No data	No data	No data	No data	No data	No data	No data	No data	No data	No data	0.3199033178831952	No data	No data	No data	0	0	1	1	0	0.6635150000000003	No data	-0.4015444015444015	-0.8852735409353213	0	No data	No data	0	0.5	-1
RRBP1	0.044777620531032625	No data	0.07122406247948593	No data	No data	No data	No data	No data	No data	No data	No data	No data	No data	No data	No data	No data	No data	No data	0.04863446380892969	No data	No data	No data	0	0	0	0	0	0.10283500000000032	No data	-0.43099834528405956	-0.5809526770405812	0	No data	No data	No data	0.5	-1
INSYN2B	0.044771009416977176	No data	0.0736449108893136	No data	No data	No data	No data	No data	No data	No data	No data	No data	No data	No data	No data	No data	No data	No data	No data	No data	No data	No data	No data	No data	0	0	0	0	No data	-0.6158852730281301	-0.17665677748815223	0	No data	No data	0	0.5	0.5
IL6ST	0.04476663129074042	No data	0.06462074968767005	No data	No data	No data	No data	No data	No data	No data	No data	No data	No data	No data	No data	No data	No data	No data	0.1803391903285759	No data	No data	1	1	1	0	1	1	0	No data	-0.8252619966905681	-0.9650991940492376	0	No data	255	0	-1	-1
IL20	0.04437526339194699	No data	0.035010818630514626	No data	No data	No data	No data	No data	No data	No data	No data	No data	No data	No data	No data	No data	No data	No data	0.3132386789048105	0.07170742303971164	No data	0.2	0	1	0	0	0	0	No data	0.6211803640375069	0	0	No data	No data	0	0.5	0.5
TNFRSF9	0.044359303269239626	No data	0.05729934687255488	No data	No data	No data	No data	No data	No data	No data	No data	No data	No data	No data	No data	No data	No data	No data	0.2449175087453774	0.15401084528638787	No data	0.2	1	0	0	0	0	0	No data	-0.13436293436293434	-0.5912274091547032	0	No data	No data	0	0.5	0.5
FITM2	0.0442554970958716	No data	0.07279693226554447	No data	No data	No data	No data	No data	No data	No data	No data	No data	No data	No data	No data	No data	No data	No data	No data	No data	No data	No data	0	0	0	0	0	0.3702300000000001	No data	0.03563154991726414	-0.8320270046142086	0	No data	No data	0	0.5	-1
SMIM11	0.04420925339787386	No data	0.07272086489376561	No data	No data	No data	No data	No data	No data	No data	No data	No data	No data	No data	No data	No data	No data	No data	No data	No data	No data	No data	0	0	0	0	0	0	No data	No data	No data	0	No data	No data	No data	-1	-1
SRSF4	0.04411405922832046	No data	0.07256427771323883	No data	No data	No data	No data	No data	No data	No data	No data	No data	No data	No data	No data	No data	No data	No data	No data	No data	No data	No data	0	0	0	0	0	0.3421050000000001	No data	-0.8786541643684501	-0.5470918474417371	0	No data	No data	0	-1	-1
FXYD6	0.04408427095126082	No data	0.072515278259392	No data	No data	No data	No data	No data	No data	No data	No data	No data	No data	No data	No data	No data	No data	No data	No data	No data	No data	No data	0	0	0	0	0	0.6315800000000003	No data	-0.26982901268615556	0	0	No data	No data	0	-1	-1
PRKDC	0.04403174434812418	No data	0.04480263567770649	No data	No data	No data	No data	No data	No data	No data	No data	No data	No data	No data	No data	No data	No data	No data	0.17551542831919367	No data	0.2866393710738793	0.1	0	0	1	1	0	0	1	-0.9660231660231661	-0.9123370685576471	No data	No data	No data	0	-1	-1
CALHM4	0.04399468583332236	No data	0.07236791754285911	No data	No data	No data	No data	No data	No data	No data	No data	No data	No data	No data	No data	No data	No data	No data	No data	No data	No data	No data	1	0	0	0	0	0	No data	0.7161610590182019	-0.5346493706516381	0	No data	No data	0	1	0.5
SCN9A	0.04376934783228319	No data	0.06392892341843684	No data	No data	No data	No data	No data	No data	No data	No data	No data	No data	No data	No data	No data	No data	No data	No data	0.1613666044665237	No data	1	1	0	1	1	0	0.660465	1	-0.1960286817429675	-0.8488375915953811	0	No data	No data	-0.45170999999999994	0.5	0
MUC1	0.043702059860892456	No data	0.03412807883938115	No data	No data	No data	No data	No data	No data	No data	No data	No data	No data	No data	No data	No data	No data	No data	0.30616126356274787	0.09550339271166557	No data	0.7	1	1	0	0	0	0	No data	-0.007060121345835668	-0.6797107571892865	0	No data	No data	No data	0.5	0
NRG4	0.042908101658439675	No data	0.0653531597160517	No data	No data	No data	No data	No data	No data	No data	No data	No data	No data	No data	No data	No data	No data	No data	0.02735688589252295	0.09238957138440974	No data	No data	1	1	0	0	0	0	No data	No data	No data	0	No data	No data	0	0.5	0
SNAI2	0.04269671318264799	No data	0.05564306957267619	No data	No data	No data	No data	No data	No data	No data	No data	No data	No data	No data	No data	No data	No data	No data	0.2804223752435947	0.01069238923655082	No data	No data	0	0	0	0	0	0.7761200000000003	No data	-0.8999448428019856	-0.9136550635470625	0	No data	No data	0	-1	0
C10orf105	0.04267909200154492	No data	0.07020386558670551	No data	No data	No data	No data	No data	No data	No data	No data	No data	No data	No data	No data	No data	No data	No data	No data	No data	No data	No data	0	0	0	0	0	0	No data	0.9932708218422504	No data	0	No data	No data	No data	1	0.5
BCL10	0.04255445099940917	No data	0.0699988406025701	No data	No data	No data	No data	No data	No data	No data	No data	No data	No data	No data	No data	No data	No data	No data	No data	No data	No data	No data	0	0	0	0	0	0.5278950000000002	No data	-0.5233314947600662	-0.6623940388953289	0	No data	255	No data	-1	-1
B3GALT2	0.04242963464901282	No data	0.0682737001898317	No data	No data	No data	No data	No data	No data	No data	No data	No data	No data	No data	No data	No data	No data	No data	0.030396539880581056	No data	No data	No data	1	0	0	0	0	0.7274900000000002	No data	-0.5838940981798124	-0.27441010175102004	0	No data	No data	0	0.5	0.5
SH2D4B	0.04219885309781168	No data	0.06941390905609388	No data	No data	No data	No data	No data	No data	No data	No data	No data	No data	No data	No data	No data	No data	No data	No data	No data	No data	No data	No data	No data	0	0	0	0.5842950000000002	No data	0.09972421400992837	No data	0	No data	No data	0	No data	No data
BEND5	0.04205230182385457	No data	0.06917284333852723	No data	No data	No data	No data	No data	No data	No data	No data	No data	No data	No data	No data	No data	No data	No data	No data	No data	No data	No data	0	0	0	0	0	0.9287399999999998	No data	-0.358742415885273	No data	0	No data	No data	No data	-1	0
NRBF2	0.04192155280101246	No data	0.06371436799473058	No data	No data	No data	No data	No data	No data	No data	No data	No data	No data	No data	No data	No data	No data	No data	0.10486806258800463	No data	No data	No data	0	0	0	0	0	0.425085	No data	-0.3870932156646443	-0.7466046262526734	0	No data	No data	No data	-1	-1
TMSB10	0.041899538463278256	No data	0.068921559210175	No data	No data	No data	No data	No data	No data	No data	No data	No data	No data	No data	No data	No data	No data	No data	No data	No data	No data	No data	0	0	0	0	0	1	No data	0.9341423055708771	-0.3596166767399958	0	No data	No data	No data	-1	-1
RPS26	0.04189629198715943	No data	0.06891621900347454	No data	No data	No data	No data	No data	No data	No data	No data	No data	No data	No data	No data	No data	No data	No data	No data	No data	No data	1	0	0	1	1	0	No data	No data	-0.8713734142305571	0	No data	No data	No data	No data	-1	-1
MIOS	0.04116853337323108	No data	0.06771911134453128	No data	No data	No data	No data	No data	No data	No data	No data	No data	No data	No data	No data	No data	No data	No data	No data	No data	No data	No data	0	0	0	0	0	0.9085700000000003	No data	-0.531053502482074	No data	0	No data	No data	No data	0.5	-1
UBLCP1	0.04104309670393066	No data	0.06751277754832746	No data	No data	No data	No data	No data	No data	No data	No data	No data	No data	No data	No data	No data	No data	No data	No data	No data	No data	No data	0	0	1	1	0	0.9056600000000004	No data	0.05107556536127955	0	0	No data	No data	No data	-1	-1
ANKRD13C	0.040940971261008555	No data	0.06734478894942225	No data	No data	No data	No data	No data	No data	No data	No data	No data	No data	No data	No data	No data	No data	No data	No data	No data	No data	No data	0	0	0	0	0	0.593345	No data	-0.7415333701047987	0	0	No data	No data	0	-1	-1
RAD51B	0.04079435462630532	No data	0.06634134707469129	No data	No data	No data	No data	No data	No data	No data	No data	No data	No data	No data	No data	No data	No data	No data	No data	0.015245372873999435	No data	No data	0	0	0	0	0	0.24285500000000013	No data	0.4499724214009928	No data	0	No data	No data	0	-1	-1
TRMT5	0.040266896912823896	No data	0.06623598783121457	No data	No data	No data	No data	No data	No data	No data	No data	No data	No data	No data	No data	No data	No data	No data	No data	No data	No data	No data	0	0	0	0	0	0	No data	0.0014340871483728979	-0.022023425318627998	-1	No data	No data	0	-1	-1
MARCO	0.040128768580010576	No data	0.06179096102173579	No data	No data	No data	No data	No data	No data	No data	No data	No data	No data	No data	No data	No data	No data	No data	0.0547137717850459	0.06003909190580728	No data	No data	0	0	0	0	0	0	No data	0.3085493656922229	-0.6359458805366763	0	No data	No data	0	0.5	0
ULK1	0.04010393593716687	No data	0.039860109051979384	No data	No data	No data	No data	No data	No data	No data	No data	No data	No data	No data	No data	No data	No data	No data	0.2800145106869813	No data	No data	No data	0	0	1	1	0	0.490475	1	-0.5549917264202979	-0.073722922148943	0	No data	No data	0	-1	-1
CCDC172	0.040052114568681844	No data	0.06588268718419048	No data	No data	No data	No data	No data	No data	No data	No data	No data	No data	No data	No data	No data	No data	No data	No data	No data	No data	No data	0	0	0	0	0	0	No data	0.7084390512961942	No data	0	No data	No data	No data	0.75	0.5
PHTF1	0.039972569503905826	No data	0.06410770484224791	No data	No data	No data	No data	No data	No data	No data	No data	No data	No data	No data	No data	No data	No data	No data	No data	0.03288273500979039	No data	No data	0	0	0	0	0	0.6784799999999997	No data	0.04180915609487035	0	0	No data	No data	0	-1	-1
STX17	0.03970042400348181	No data	0.0653041829093919	No data	No data	No data	No data	No data	No data	No data	No data	No data	No data	No data	No data	No data	No data	No data	No data	No data	No data	No data	0	0	0	0	0	0.6192050000000002	No data	0.20617760617760617	No data	0	No data	No data	0	-1	-1
CYRIA	0.03964516441985305	No data	0.05729800370563775	No data	No data	No data	No data	No data	No data	No data	No data	No data	No data	No data	No data	No data	No data	No data	No data	0.15830562769432863	No data	No data	0	0	0	0	0	0.9845199999999998	No data	-0.5494760066188638	-0.6285074818796199	0	No data	No data	-0.48916499999999985	0.5	-1
DHODH	0.03891367886617673	0.06079307976116211	No data	No data	No data	No data	No data	No data	No data	No data	No data	No data	No data	No data	No data	No data	No data	No data	0.06433934274722988	No data	No data	1	0	0	1	1	1	0.3797449999999998	1	0.12178709321566461	-0.6192062276137841	0	No data	No data	0	1	-1
NCAN	0.038857966199258666	No data	0.06183471538706768	No data	No data	No data	No data	No data	No data	No data	No data	No data	No data	No data	No data	No data	No data	No data	0.030396539880581056	0.025373763485201865	No data	No data	0	1	0	0	0	0	No data	-0.6548262548262549	No data	0	No data	No data	0	1	0.5
CAV3	0.03882735598220328	No data	0.06386805230915162	No data	No data	No data	No data	No data	No data	No data	No data	No data	No data	No data	No data	No data	No data	No data	No data	No data	No data	No data	1	0	0	0	0	0.7350999999999999	No data	0.17352454495311642	-0.927253384367287	0	No data	No data	-0.089405	0.75	0.5
DCP1B	0.03878759146852069	No data	0.06380264270358663	No data	No data	No data	No data	No data	No data	No data	No data	No data	No data	No data	No data	No data	No data	No data	No data	No data	No data	No data	0	0	0	0	0	0	No data	-0.04533921676778818	No data	0	No data	No data	0	-1	-1
TTC33	0.03877064896296184	No data	0.06377477356843932	No data	No data	No data	No data	No data	No data	No data	No data	No data	No data	No data	No data	No data	No data	No data	No data	No data	No data	No data	0	0	0	0	0	0.10305499999999981	No data	0.2869277440706013	No data	0	255	No data	No data	-1	0
TMEM131	0.03876309833444364	No data	0.06376235335786952	No data	No data	No data	No data	No data	No data	No data	No data	No data	No data	No data	No data	No data	No data	No data	No data	No data	No data	No data	0	0	0	0	0	0.47955499999999984	No data	-0.8219525648097077	-0.6023617850827678	0	No data	No data	0	-1	-1
CCR1	0.03875770518920737	No data	0.034933222573611596	No data	No data	No data	No data	No data	No data	No data	No data	No data	No data	No data	No data	No data	No data	No data	0.08447873911477487	0.04649394599270314	0.26280848380750377	0.2	1	0	1	1	0	0	1	0.9594043022614451	-0.9044815409453283	0	No data	No data	-0.06338000000000008	0.5	0
FEN1	0.03854270196020587	No data	0.05488878689106601	No data	No data	No data	No data	No data	No data	No data	No data	No data	No data	No data	No data	No data	No data	No data	0.17022062333125393	No data	No data	No data	0	0	1	1	1	0.8289450000000003	No data	0.18422504136789852	-0.9214437258041641	-1	No data	No data	0	0.5	-1
RPL26L1	0.0385214162233765	No data	0.0633648046368364	No data	No data	No data	No data	No data	No data	No data	No data	No data	No data	No data	No data	No data	No data	No data	No data	No data	No data	No data	0	0	0	0	0	No data	No data	0.15708769994484273	No data	0	No data	No data	-0.9655175	-1	-1
MAP1LC3B	0.03848706911075108	No data	0.03838777918799868	No data	No data	No data	No data	No data	No data	No data	No data	No data	No data	No data	No data	No data	No data	No data	0.26855680723825365	No data	No data	No data	0	0	0	1	1	No data	No data	0.44136789851075564	No data	0	No data	No data	-0.9800000000000001	-1	-1
CYP2J2	0.03821006360056148	No data	0.05753473928104526	No data	No data	No data	No data	No data	No data	No data	No data	No data	No data	No data	No data	No data	No data	No data	0.09703757617543496	0.02097158060065791	No data	No data	0	0	1	1	0	0	No data	0.1671263099834528	-0.7175531862738634	0	255	No data	0	0.75	0
PTPN23	0.038177559330970466	No data	0.05849420547710002	No data	No data	No data	No data	No data	No data	No data	No data	No data	No data	No data	No data	No data	No data	No data	No data	0.08609961363697712	No data	No data	0	0	0	0	0	0.5629600000000003	No data	-0.5987865416436845	-0.6996285946070365	-1	No data	No data	0	-1	-1
TBKBP1	0.03811437166137586	No data	0.06167173264092509	No data	No data	No data	No data	No data	No data	No data	No data	No data	No data	No data	No data	No data	No data	No data	No data	0.02047029199152803	No data	No data	0	0	0	1	0	0.6585349999999999	No data	0.24191947049089912	0	0	No data	No data	0	-1	-1
GPR25	0.03808387768492075	No data	0.05990939837548276	No data	No data	No data	No data	No data	No data	No data	No data	No data	No data	No data	No data	No data	No data	No data	0.0547137717850459	No data	No data	No data	1	0	0	0	0	0	No data	0.9631549917264204	-0.25455478196452913	0	No data	No data	0	1	1
ACTN1	0.03805003923569305	No data	0.06106959829118484	No data	No data	No data	No data	No data	No data	No data	No data	No data	No data	No data	No data	No data	No data	No data	0.030396539880581056	No data	No data	No data	1	0	0	0	0	0.8413550000000001	No data	-0.8615554329840044	0	0	No data	No data	-0.6033925	0.5	-1
RPS6KB1	0.037498513722343856	No data	0.05665459712226353	No data	No data	No data	No data	No data	No data	No data	No data	No data	No data	No data	No data	No data	No data	No data	0.10055221145067746	No data	No data	0.1	0	0	1	1	0	0.9714300000000001	No data	-0.8083838940981798	-0.25260610775652836	0	No data	No data	-0.10952500000000001	-1	-1
EDN3	0.0373334008439674	No data	0.05395611231726157	No data	No data	No data	No data	No data	No data	No data	No data	No data	No data	No data	No data	No data	No data	No data	No data	0.14908994460279096	No data	No data	0	1	0	0	0	0	No data	-0.4404853833425262	-0.7856744012687916	0	No data	No data	0	0.5	0
CEP78	0.037277952537427966	No data	0.06131940129350566	No data	No data	No data	No data	No data	No data	No data	No data	No data	No data	No data	No data	No data	No data	No data	No data	No data	No data	No data	0	0	0	0	0	0	No data	0.7054605626034198	-0.7024035209368048	0	No data	No data	No data	-1	-1
NKX6-2	0.03712086054202656	No data	0.06106099688955283	No data	No data	No data	No data	No data	No data	No data	No data	No data	No data	No data	No data	No data	No data	No data	No data	No data	No data	No data	0	0	0	0	0	0.8375450000000001	No data	0.7822393822393823	-0.19187701174133848	0	No data	No data	-0.17869999999999991	1	0.5
SP110	0.03704291718034374	No data	0.05698184444533431	No data	No data	No data	No data	No data	No data	No data	No data	No data	No data	No data	No data	No data	No data	No data	No data	0.07901883065462977	No data	No data	0	0	0	0	0	0	No data	-0.24533921676778825	No data	0	No data	No data	0	-1	-1
ALG2	0.03695561242935297	No data	0.060789176292006517	No data	No data	No data	No data	No data	No data	No data	No data	No data	No data	No data	No data	No data	No data	No data	No data	No data	No data	No data	0	0	0	0	0	0.026440000000000196	No data	0.6125758411472697	-0.6752747577927903	-1	No data	No data	0	-1	-1
KEAP1	0.036871943595537665	No data	0.049528600842227766	No data	No data	No data	No data	No data	No data	No data	No data	No data	No data	No data	No data	No data	No data	No data	0.22245893142773304	No data	No data	1	0	0	1	1	1	0.7035249999999997	1	-0.5757308328736901	-0.42133429310470233	0	No data	255	0	0.5	-1
TNFSF8	0.036814801488211375	No data	0.051064116358007616	No data	No data	No data	No data	No data	No data	No data	No data	No data	No data	No data	No data	No data	No data	No data	0.16158800600516887	0.06363163474983295	No data	No data	0	0	0	0	0	0	No data	-0.6738003309431881	-0.11836215862585653	0	No data	No data	No data	0.5	0
PLGRKT	0.03668237974714981	No data	0.060339729277187386	No data	No data	No data	No data	No data	No data	No data	No data	No data	No data	No data	No data	No data	No data	No data	No data	No data	No data	No data	0	0	0	0	0	0.11564499999999996	No data	0.9835631549917265	0	0	No data	No data	No data	-1	-1
C2CD4D	0.03652502372315185	No data	0.06008089056624172	No data	No data	No data	No data	No data	No data	No data	No data	No data	No data	No data	No data	No data	No data	No data	No data	No data	No data	No data	No data	No data	0	0	0	0	No data	0.9589630446773303	No data	0	No data	No data	0	0.5	0.5
EIF3C	0.03647386760215833	No data	0.05665748520478886	No data	No data	No data	No data	No data	No data	No data	No data	No data	No data	No data	No data	No data	No data	No data	0.012158615952232422	0.06138131922512617	No data	No data	0	0	0	0	0	0.8357050000000001	No data	-0.37286265857694434	-0.37859810784333564	No data	No data	No data	-1	-1	-1
CSPG5	0.03644890882504475	No data	0.05995568733849584	No data	No data	No data	No data	No data	No data	No data	No data	No data	No data	No data	No data	No data	No data	No data	No data	No data	No data	No data	1	1	0	0	0	0.34137500000000004	No data	-0.12443463872035299	No data	0	No data	No data	No data	0.75	0.5
LELP1	0.03644444526457944	No data	0.059948345120462404	No data	No data	No data	No data	No data	No data	No data	No data	No data	No data	No data	No data	No data	No data	No data	No data	No data	No data	No data	No data	No data	0	0	0	0	No data	0.966354109211252	No data	0	No data	No data	0	1	1
PHOX2A	0.03582549454194445	No data	0.05893021818057605	No data	No data	No data	No data	No data	No data	No data	No data	No data	No data	No data	No data	No data	No data	No data	No data	No data	No data	No data	0	0	0	0	0	0.8415500000000001	No data	0.8760066188637616	-0.727202347642725	0	No data	No data	0	1	0.5
ABCA5	0.03576655241813636	No data	0.057360768119758244	No data	No data	No data	No data	No data	No data	No data	No data	No data	No data	No data	No data	No data	No data	No data	No data	0.029449894856235625	No data	No data	0	0	0	0	0	0.5036549999999999	No data	0.0026475455046883756	-0.9071263820001287	0	No data	No data	0	-1	-1
CD151	0.03569218592480697	No data	0.052148998146368246	No data	No data	No data	No data	No data	No data	No data	No data	No data	No data	No data	No data	No data	No data	No data	0.037995674850726316	0.11435178303074592	No data	No data	1	0	0	0	0	0.6837949999999999	No data	-0.25934914506343076	-0.929646308979597	0	No data	No data	0	0.5	-1
GALNT3	0.035482523587547526	No data	0.055326403015383385	No data	No data	No data	No data	No data	No data	No data	No data	No data	No data	No data	No data	No data	No data	No data	0.06079307976116211	No data	No data	No data	0	0	0	1	0	0.5971550000000001	No data	-0.2808604522890237	-0.8597176163441214	0	No data	No data	-0.08767750000000003	0.5	0
KPNA7	0.03546915696972651	No data	0.05500045054523075	No data	No data	No data	No data	No data	No data	No data	No data	No data	No data	No data	No data	No data	No data	No data	0.06687238773727831	No data	No data	No data	0	0	0	0	0	0	No data	0.44732487589630443	-0.6017599046773083	0	No data	No data	0	0.75	0.5
ZDHHC24	0.03516560903221678	No data	0.05784475662422758	No data	No data	No data	No data	No data	No data	No data	No data	No data	No data	No data	No data	No data	No data	No data	No data	No data	No data	No data	0	0	0	0	0	0.3661949999999997	No data	0.6872586872586872	No data	0	No data	No data	No data	-1	-1
CLPSL1	0.034953935484968814	No data	0.057496569712033686	No data	No data	No data	No data	No data	No data	No data	No data	No data	No data	No data	No data	No data	No data	No data	No data	No data	No data	No data	0	1	0	0	0	No data	No data	0.8974076116933261	No data	0	No data	No data	0	0.75	0.5
PLB1	0.03472975158291702	No data	0.045877357937967794	No data	No data	No data	No data	No data	No data	No data	No data	No data	No data	No data	No data	No data	No data	No data	0.22500892556339494	No data	No data	No data	1	0	0	0	0	0	No data	0.2540540540540541	-0.035235434218963135	0	No data	No data	No data	1	0
NPIPB6	0.03451278543412287	No data	0.05677091137628381	No data	No data	No data	No data	No data	No data	No data	No data	No data	No data	No data	No data	No data	No data	No data	No data	No data	No data	No data	0	0	0	0	0	No data	No data	-0.3767236624379482	No data	No data	No data	No data	-0.8941175000000001	1	0
ATP9A	0.034330765549518305	No data	0.05292162957890591	No data	No data	No data	No data	No data	No data	No data	No data	No data	No data	No data	No data	No data	No data	No data	0.030396539880581056	0.057487884890497935	No data	No data	0	0	0	0	0	0.8997149999999998	No data	-0.7359073359073359	-0.7704663889320801	0	No data	No data	-0.39350500000000005	0.5	-1
MON1A	0.03431728196761978	No data	0.056449323019070845	No data	No data	No data	No data	No data	No data	No data	No data	No data	No data	No data	No data	No data	No data	No data	No data	No data	No data	No data	0	0	0	0	0	0.7117100000000001	No data	-0.19635962493105352	-0.1555175632476158	0	No data	No data	0	-1	-1
RTKN2	0.03403570649232562	No data	0.05598615274311117	No data	No data	No data	No data	No data	No data	No data	No data	No data	No data	No data	No data	No data	No data	No data	No data	No data	No data	No data	0	0	0	0	0	0	No data	0.6452289023717594	No data	0	No data	No data	0	1	0
RPS10	0.0339434278008249	No data	0.05583436130259976	No data	No data	No data	No data	No data	No data	No data	No data	No data	No data	No data	No data	No data	No data	No data	No data	No data	No data	1	0	0	1	1	0	No data	No data	-0.9134031991174848	No data	-1	No data	No data	No data	-1	-1
C21orf140	0.03394117261512405	No data	0.055830651693365096	No data	No data	No data	No data	No data	No data	No data	No data	No data	No data	No data	No data	No data	No data	No data	No data	No data	No data	No data	No data	No data	0	0	0	0	No data	No data	No data	0	No data	No data	No data	-1	0
PANK4	0.033738139210230694	No data	0.049417369183155514	No data	No data	No data	No data	No data	No data	No data	No data	No data	No data	No data	No data	No data	No data	No data	0.12158615952232422	No data	No data	No data	0	0	0	0	0	0.6119	No data	-0.4906784335355764	-0.5185242486051957	0	No data	No data	0	-1	0
IFNA10	0.03354839856926864	No data	0.05518456821248455	No data	No data	No data	No data	No data	No data	No data	No data	No data	No data	No data	No data	No data	No data	No data	No data	No data	No data	1	0	1	0	0	0	0	No data	0.9658025372311088	No data	0	No data	No data	-0.8941800000000001	No data	No data
HTATSF1	0.0335074372789252	No data	0.05511719000018742	No data	No data	No data	No data	No data	No data	No data	No data	No data	No data	No data	No data	No data	No data	No data	No data	No data	No data	No data	0	0	0	0	0	0	No data	No data	No data	-1	No data	No data	No data	-1	-1
PLA2G2A	0.033464517735921406	No data	0.031690093303131814	No data	No data	No data	No data	No data	No data	No data	No data	No data	No data	No data	No data	No data	No data	No data	0.20875536662790048	0.195487916145087	No data	0.7	1	1	1	1	1	0	No data	0.3329288472145615	0	0	No data	No data	0	0.5	0
IL5	0.03341223271055392	No data	0.04345861684889278	No data	No data	No data	No data	No data	No data	No data	No data	No data	No data	No data	No data	No data	No data	No data	0.2204796575108582	No data	No data	1	0	1	0	1	0	0	No data	0.17683397683397684	-0.6248589429978959	0	No data	No data	No data	1	1
CEP97	0.033399290096463335	No data	0.0534194691029596	No data	No data	No data	No data	No data	No data	No data	No data	No data	No data	No data	No data	No data	No data	No data	0.030396539880581056	No data	No data	No data	0	0	0	0	0	0	No data	-0.21070049641478217	-0.5693053388141289	0	No data	No data	0	-1	-1
RUFY4	0.03330415754077361	No data	0.054137824287073665	No data	No data	No data	No data	No data	No data	No data	No data	No data	No data	No data	No data	No data	No data	No data	No data	0.012899719590308473	No data	No data	0	0	0	0	0	0	No data	0.6189740761169333	-0.05373224667943238	No data	No data	No data	0	0.5	0.5
RAB5B	0.03316240370373435	No data	0.04443907132552276	No data	No data	No data	No data	No data	No data	No data	No data	No data	No data	No data	No data	No data	No data	No data	0.057753425773104	0.17654310362641476	No data	No data	0	0	0	0	0	1	No data	-0.6503033645890789	-0.05373224667943238	0	No data	No data	-0.6046500000000001	-1	-1
OXR1	0.033085768089401654	No data	0.05381564540445903	No data	No data	No data	No data	No data	No data	No data	No data	No data	No data	No data	No data	No data	No data	No data	0.012158615952232422	No data	No data	No data	0	0	0	0	0	0.22107499999999974	No data	-0.7068946497517926	-0.5649280594571898	0	No data	No data	0	-1	-1
PDCD1LG2	0.03308240913953709	No data	0.03762350456747317	No data	No data	No data	No data	No data	No data	No data	No data	No data	No data	No data	No data	No data	No data	No data	0.218031954473894	0.06326027765783301	No data	0.1	0	1	0	1	0	0	No data	0.6940981798124655	-0.5837951944443598	0	No data	No data	0	0.5	0
RB1CC1	0.03295274799573569	No data	0.0525329585551865	No data	No data	No data	No data	No data	No data	No data	No data	No data	No data	No data	No data	No data	No data	No data	0.03343619386863916	No data	No data	No data	0	0	0	0	0	0.4604750000000003	No data	-0.8924434638720353	-0.9491908021079021	0	No data	No data	No data	-1	-1
SETX	0.0328848067348116	No data	0.05409301003338901	No data	No data	No data	No data	No data	No data	No data	No data	No data	No data	No data	No data	No data	No data	No data	No data	No data	No data	No data	0	0	0	0	0	0	No data	-0.7494760066188637	-0.3279296065711615	0	No data	No data	0	-1	-1
ZFP36L2	0.03285434107596636	No data	0.05404289633794056	No data	No data	No data	No data	No data	No data	No data	No data	No data	No data	No data	No data	No data	No data	No data	No data	No data	No data	No data	0	0	0	0	0	0.40283500000000033	No data	0.6917815774958631	-0.8691156792723955	0	No data	No data	0	-1	-1
CUL1	0.03250015668382955	No data	0.04312546634779743	No data	No data	No data	No data	No data	No data	No data	No data	No data	No data	No data	No data	No data	No data	No data	0.20669647118795118	No data	No data	No data	0	0	0	0	1	0.993555	No data	-0.8914506343077772	No data	-1	No data	No data	0	-1	-1
SGF29	0.03208647738502516	No data	0.05125999187858501	No data	No data	No data	No data	No data	No data	No data	No data	No data	No data	No data	No data	No data	No data	No data	0.030396539880581056	No data	No data	No data	0	0	0	0	1	0.9146749999999997	No data	-0.5916161059018201	-0.43423810300908944	0	No data	No data	No data	-1	-1
TAX1BP1	0.031802035785549986	No data	0.04539672121717813	No data	No data	No data	No data	No data	No data	No data	No data	No data	No data	No data	No data	No data	No data	No data	0.1383042564566438	No data	No data	No data	0	0	0	0	0	0.37262500000000004	No data	-0.30744622173193603	-0.7485151242365414	0	No data	No data	0	-1	-1
ADIPOR2	0.03176027547382591	No data	0.04912759616045465	No data	No data	No data	No data	No data	No data	No data	No data	No data	No data	No data	No data	No data	No data	No data	0.062312906755191154	No data	No data	No data	1	0	0	1	0	0.6373049999999999	No data	-0.5243243243243243	-0.7285250717151526	0	No data	No data	-0.18393750000000003	0.5	-1
RBPJ	0.031737563908916695	No data	0.049090237360738566	No data	No data	No data	No data	No data	No data	No data	No data	No data	No data	No data	No data	No data	No data	No data	0.062312906755191154	No data	No data	No data	0	0	0	1	0	0.9486649999999998	No data	-0.9115278543849973	-0.9565118371010356	0	No data	No data	0	-1	-1
RGS1	0.031433637499085246	No data	0.035502523031603304	No data	No data	No data	No data	No data	No data	No data	No data	No data	No data	No data	No data	No data	No data	No data	0.17123384132727326	0.1951255980028008	No data	No data	1	0	0	0	0	0.33014500000000024	No data	-0.2688361831218974	-0.08884538371378592	0	No data	No data	0	0.5	-1
ABCA6	0.03136560185118558	No data	0.051594033357763226	No data	No data	No data	No data	No data	No data	No data	No data	No data	No data	No data	No data	No data	No data	No data	No data	No data	No data	No data	0	0	0	0	0	0	No data	0.13414230557087703	-0.05901705023956677	0	No data	No data	0	0.5	0
GJB2	0.031218110175499598	No data	0.049384089141822594	No data	No data	No data	No data	No data	No data	No data	No data	No data	No data	No data	No data	No data	No data	No data	0.039346632178752144	No data	No data	No data	0	0	1	1	0	0.64602	No data	0.9913954771097628	-0.8096703855501804	0	No data	No data	-0.4137174999999999	0.75	0
GLYR1	0.03089397340616611	No data	0.0508182403779169	No data	No data	No data	No data	No data	No data	No data	No data	No data	No data	No data	No data	No data	No data	No data	No data	No data	No data	No data	0	0	0	0	0	0.9276649999999996	No data	-0.7984555984555984	-0.6986981003603695	0	No data	No data	0	-1	-1
IDE	0.030852733659590684	No data	0.0507504041262622	No data	No data	No data	No data	No data	No data	No data	No data	No data	No data	No data	No data	No data	No data	No data	No data	No data	No data	No data	1	0	1	1	0	0.7595700000000001	0	-0.5217870932156646	-0.6820255779627105	0	No data	No data	0	-1	-1
RETREG3	0.03082690434863777	No data	0.05070791687104435	No data	No data	No data	No data	No data	No data	No data	No data	No data	No data	No data	No data	No data	No data	No data	No data	No data	No data	No data	0	0	0	0	0	0.5600850000000002	No data	-0.4768891340319912	-0.2780425953001081	0	No data	No data	No data	-1	-1
EPB41	0.030593813421192925	No data	0.050324499994714694	No data	No data	No data	No data	No data	No data	No data	No data	No data	No data	No data	No data	No data	No data	No data	No data	No data	No data	No data	1	0	0	0	0	0.46759500000000004	No data	-0.3847766133480419	-0.7804473866462982	0	No data	No data	0	0.5	-1
TBRG4	0.03057286690394457	No data	0.05029004456437518	No data	No data	No data	No data	No data	No data	No data	No data	No data	No data	No data	No data	No data	No data	No data	No data	No data	No data	No data	0	0	0	0	0	0	No data	-0.2462217319360176	No data	0	No data	No data	0	-1	-1
TGFBR1	0.030569952655087437	No data	0.0450737270358306	No data	No data	No data	No data	No data	No data	No data	No data	No data	No data	No data	No data	No data	No data	No data	0.10423047620925102	No data	No data	0.5	1	0	1	1	1	0.8210749999999998	1	-0.678323221180364	-0.9484855195077271	0	No data	No data	-0.21471249999999992	-1	-1
ADAM15	0.030535361959669355	No data	0.049316455582491765	No data	No data	No data	No data	No data	No data	No data	No data	No data	No data	No data	No data	No data	No data	No data	0.01823792392834863	No data	No data	No data	0	0	0	0	0	0.009270000000000066	No data	-0.24511858797573083	-0.6306560361433305	0	No data	No data	0	-1	-1
ZNF619	0.03048403076098857	No data	0.05014391585481644	No data	No data	No data	No data	No data	No data	No data	No data	No data	No data	No data	No data	No data	No data	No data	No data	No data	No data	No data	0	0	0	0	0	No data	No data	0.3812465526751241	No data	0	No data	No data	0	-1	-1
MSL2	0.030401076274512454	No data	0.05000746202355469	No data	No data	No data	No data	No data	No data	No data	No data	No data	No data	No data	No data	No data	No data	No data	No data	No data	No data	No data	0	0	0	0	0	0.9480049999999999	No data	-0.9728626585769443	No data	0	No data	No data	No data	0.5	-1
SEC16A	0.03039490480326454	No data	0.04999731042197082	No data	No data	No data	No data	No data	No data	No data	No data	No data	No data	No data	No data	No data	No data	No data	No data	No data	No data	No data	0	0	0	0	0	0	No data	-0.5423055708769995	No data	0	No data	No data	0	-1	-1
TMEM200B	0.03038031512857226	No data	0.04845348452091222	No data	No data	No data	No data	No data	No data	No data	No data	No data	No data	No data	No data	No data	No data	No data	0.030396539880581056	No data	No data	No data	0	0	0	0	0	0.21824000000000013	No data	0.5795918367346939	No data	0	No data	No data	0	0.5	0
BRS3	0.03004494104425975	No data	0.045384532501121386	No data	No data	No data	No data	No data	No data	No data	No data	No data	No data	No data	No data	No data	No data	No data	0.08074228222240583	No data	No data	No data	1	0	1	1	0	0.2606499999999997	1	No data	-0.6758750112101294	0	No data	No data	0	1	0.5
BFAR	0.03002300912344125	No data	0.04938557026785401	No data	No data	No data	No data	No data	No data	No data	No data	No data	No data	No data	No data	No data	No data	No data	No data	No data	No data	No data	0	0	0	0	0	0.5	No data	0.3316050744622172	No data	0	No data	No data	No data	-1	-1
CDYL2	0.02993161139793054	No data	0.04862729715189006	No data	No data	No data	No data	No data	No data	No data	No data	No data	No data	No data	No data	No data	No data	No data	0.012158615952232422	No data	No data	No data	0	0	1	1	0	0.5750999999999997	No data	-0.41842250413678983	-0.1165157129738259	0	No data	No data	0	0.5	0
SPMIP4	0.029912447762288095	No data	0.04438253035839668	No data	No data	No data	No data	No data	No data	No data	No data	No data	No data	No data	No data	No data	No data	No data	No data	0.09642349731254962	No data	No data	0	0	0	0	0	0	No data	0.17109762824048547	No data	0	No data	No data	No data	1	0
SP100	0.029796598391979644	No data	0.049013141806668784	No data	No data	No data	No data	No data	No data	No data	No data	No data	No data	No data	No data	No data	No data	No data	No data	No data	No data	No data	0	0	0	0	0	0	No data	-0.2644236072807501	No data	0	No data	No data	0	0.5	-1
TBC1D19	0.029722336971752118	No data	0.048890987409294484	No data	No data	No data	No data	No data	No data	No data	No data	No data	No data	No data	No data	No data	No data	No data	No data	No data	No data	No data	0	0	0	0	0	0.8669199999999997	No data	-0.48273579702151126	No data	0	No data	No data	No data	-1	-1
SNX20	0.02960472392213793	No data	0.04531092008441601	No data	No data	No data	No data	No data	No data	No data	No data	No data	No data	No data	No data	No data	No data	No data	0.06129968875917179	0.01447282579626934	No data	No data	0	0	0	0	0	0	No data	0.6521787093215665	No data	0	No data	No data	0	0.5	0
ERP44	0.029562031543245836	No data	0.04862729715189006	No data	No data	No data	No data	No data	No data	No data	No data	No data	No data	No data	No data	No data	No data	No data	No data	No data	No data	No data	0	0	0	0	0	0.6551699999999997	No data	-0.2599007170435742	0	0	No data	No data	0	-1	-1
MAPK13	0.029538526946002255	No data	0.04858863387420135	No data	No data	No data	No data	No data	No data	No data	No data	No data	No data	No data	No data	No data	No data	No data	No data	No data	No data	No data	0	0	1	1	1	0.657535	1	-0.10722559293987866	-0.2508339686824748	0	No data	No data	-0.13013750000000002	-1	0
ATRNL1	0.02950927514809686	No data	0.033874998789097846	No data	No data	No data	No data	No data	No data	No data	No data	No data	No data	No data	No data	No data	No data	No data	0.19309444401782258	0.06537952741444887	No data	No data	0	0	0	0	0	0.8005800000000001	No data	-0.6469939327082184	No data	0	No data	No data	-0.008339999999999926	0.5	0
ZPBP	0.029480332691299134	No data	0.048492908744084975	No data	No data	No data	No data	No data	No data	No data	No data	No data	No data	No data	No data	No data	No data	No data	No data	No data	No data	No data	0	0	0	0	0	0	No data	-0.2217319360176503	0	0	No data	No data	0	1	0.5
CHD1	0.029438867963361603	No data	0.04706364477095061	No data	No data	No data	No data	No data	No data	No data	No data	No data	No data	No data	No data	No data	No data	No data	No data	0.02722115288445077	No data	No data	0	0	0	0	0	0.7953200000000002	No data	-0.9522338665195809	-0.8235875623082941	0	No data	No data	-0.05409249999999997	-1	-1
GATD3	0.029317506356188298	No data	0.04822507178673632	No data	No data	No data	No data	No data	No data	No data	No data	No data	No data	No data	No data	No data	No data	No data	No data	No data	No data	No data	0	0	0	0	0	0.47761	No data	No data	No data	0	No data	No data	No data	0.5	-1
C2orf92	0.028945872955288093	No data	0.04761376306153233	No data	No data	No data	No data	No data	No data	No data	No data	No data	No data	No data	No data	No data	No data	No data	No data	No data	No data	No data	0	0	No data	No data	No data	0	No data	No data	No data	No data	No data	No data	No data	0.5	0
TUBD1	0.028604511085526276	No data	0.04705224870643974	No data	No data	No data	No data	No data	No data	No data	No data	No data	No data	No data	No data	No data	No data	No data	No data	No data	No data	No data	0	0	0	0	0	0.28256000000000014	No data	-0.03276337562051845	No data	0	No data	No data	0	-1	-1
SEC61B	0.028505450883342838	No data	0.046889302195796394	No data	No data	No data	No data	No data	No data	No data	No data	No data	No data	No data	No data	No data	No data	No data	No data	No data	No data	No data	0	0	0	0	0	0.9479149999999997	No data	0.595146166574738	-0.05901705023956677	0	No data	No data	No data	-1	-1
DPM1	0.02840337275255361	No data	0.04672139142175721	No data	No data	No data	No data	No data	No data	No data	No data	No data	No data	No data	No data	No data	No data	No data	No data	No data	No data	No data	0	0	0	0	0	0.5576900000000002	No data	0.06409266409266401	-0.7219891856703597	0	No data	No data	0	-1	-1
SOS1	0.028195272366688867	No data	0.043339428100659376	No data	No data	No data	No data	No data	No data	No data	No data	No data	No data	No data	No data	No data	No data	No data	0.06079307976116211	No data	No data	No data	0	0	1	1	1	0.8387099999999996	1	-0.8967457253171539	-0.9710897873897186	0	No data	255	-0.24418499999999987	-1	-1
TEAD1	0.02816437648780223	No data	0.04442847697143256	No data	No data	No data	No data	No data	No data	No data	No data	No data	No data	No data	No data	No data	No data	No data	0.037995674850726316	No data	No data	No data	0	0	1	1	0	0.7887349999999997	1	-0.9046883618312189	-0.9175952836752865	0	No data	No data	-0.3896725	-1	0
MICU2	0.02810707329304147	No data	0.04623400130979675	No data	No data	No data	No data	No data	No data	No data	No data	No data	No data	No data	No data	No data	No data	No data	No data	No data	No data	No data	0	0	0	0	0	0.29723499999999986	No data	0.5646993932708217	-0.8874472586516526	0	No data	No data	0	-1	-1
TRAPPC3L	0.02795707040635154	No data	0.04487945040665716	No data	No data	No data	No data	No data	No data	No data	No data	No data	No data	No data	No data	No data	No data	No data	No data	0.022156150894382286	No data	No data	0	0	0	0	0	0.6408850000000001	No data	0.6718146718146718	No data	0	No data	No data	-0.04696250000000006	-1	0
MAU2	0.0279411312770753	No data	0.04596103929402438	No data	No data	No data	No data	No data	No data	No data	No data	No data	No data	No data	No data	No data	No data	No data	No data	No data	No data	No data	0	0	0	0	0	0.8042400000000001	No data	-0.9697738554881412	0	0	No data	No data	No data	-1	-1
FAM114A2	0.027831665279087796	No data	0.045780976039427705	No data	No data	No data	No data	No data	No data	No data	No data	No data	No data	No data	No data	No data	No data	No data	No data	No data	No data	No data	0	0	0	0	0	0	No data	0.32443463872035294	No data	0	No data	No data	0	-1	-1
ITFG2	0.0278199652985714	No data	0.04576173045989404	No data	No data	No data	No data	No data	No data	No data	No data	No data	No data	No data	No data	No data	No data	No data	No data	No data	No data	No data	0	0	0	0	0	0.4742750000000001	No data	-0.23949255377826806	0	0	No data	No data	No data	-1	-1
TRIM46	0.027809008785868467	No data	0.04574370782845971	No data	No data	No data	No data	No data	No data	No data	No data	No data	No data	No data	No data	No data	No data	No data	No data	No data	No data	No data	0	0	0	0	0	0.8945999999999998	No data	-0.8424710424710424	-0.1528751614675486	0	No data	No data	0	1	0.5
KLF7	0.02779994735983221	No data	0.04295674046375191	No data	No data	No data	No data	No data	No data	No data	No data	No data	No data	No data	No data	No data	No data	No data	No data	0.055441240138806906	No data	No data	0	0	0	0	0	0.8509950000000004	No data	-0.9451737451737452	-0.71690375916178	0	No data	No data	0	-1	-1
BRD7	0.027780198031304316	No data	0.04569631632489164	No data	No data	No data	No data	No data	No data	No data	No data	No data	No data	No data	No data	No data	No data	No data	No data	No data	No data	No data	0	0	1	1	0	0.40859999999999985	1	-0.8576944291230005	-0.32379047762049307	0	No data	No data	0	-1	-1
PLEKHH2	0.027751635099344654	No data	0.045649332470690016	No data	No data	No data	No data	No data	No data	No data	No data	No data	No data	No data	No data	No data	No data	No data	No data	No data	No data	No data	1	0	0	0	0	0.2933700000000002	No data	-0.25460562603419745	No data	0	255	No data	0	-1	0
MOCS3	0.027751489159366455	No data	0.045649092410507554	No data	No data	No data	No data	No data	No data	No data	No data	No data	No data	No data	No data	No data	No data	No data	No data	No data	No data	No data	0	0	0	0	0	0.01086999999999989	No data	0.7900717043574186	No data	-1	No data	No data	0	-1	0
CORO1A	0.027669513179757473	No data	0.040616411862672175	No data	No data	No data	No data	No data	No data	No data	No data	No data	No data	No data	No data	No data	No data	No data	0.07962204752052203	0.041253025951930825	No data	No data	0	0	0	0	0	0.7288499999999999	No data	-0.6060672917815775	-0.21506923818186335	0	No data	No data	-0.17570499999999994	0.75	0
GLI3	0.027635293576297078	No data	0.04356141129843894	No data	No data	No data	No data	No data	No data	No data	No data	No data	No data	No data	No data	No data	No data	No data	0.03343619386863916	0.010113232841034983	No data	No data	0	0	0	0	0	0.3322800000000001	No data	-0.8888030888030888	-0.9680093566257181	0	No data	No data	0	-1	0
ITIH3	0.027496230955311667	No data	0.042720335537274966	No data	No data	No data	No data	No data	No data	No data	No data	No data	No data	No data	No data	No data	No data	No data	0.03495602086266821	0.034248396013930205	No data	No data	0	1	0	0	0	0.2471899999999998	No data	0.10215113072255932	No data	0	No data	No data	0	1	0
CALM3	0.0274347167850758	No data	0.04011854516199405	No data	No data	No data	No data	No data	No data	No data	No data	No data	No data	No data	No data	No data	No data	No data	0.10018961492628621	No data	No data	No data	0	0	0	0	0	1	No data	-0.62426916712631	No data	0	No data	No data	-1	0.5	-1
UBXN10	0.02736314838454692	No data	0.045010301323848985	No data	No data	No data	No data	No data	No data	No data	No data	No data	No data	No data	No data	No data	No data	No data	No data	No data	No data	No data	0	0	0	0	0	0	No data	0.631880860452289	0	0	No data	No data	0	0.5	0
SDF2L1	0.027304199061178848	No data	0.042481610972667	No data	No data	No data	No data	No data	No data	No data	No data	No data	No data	No data	No data	No data	No data	No data	0.04863446380892969	No data	No data	No data	0	0	0	0	0	0.45701499999999984	No data	0.8801985659128517	No data	0	No data	No data	-0.01583749999999995	0.5	-1
BCAS4	0.027275494445475876	No data	0.04363009115781031	No data	No data	No data	No data	No data	No data	No data	No data	No data	No data	No data	No data	No data	No data	No data	No data	0.02472052184204568	No data	No data	0	0	0	0	0	No data	No data	0.20397131825703263	No data	0	No data	No data	0	0.5	-1
TSPAN13	0.027147358228479933	No data	0.04465534290273467	No data	No data	No data	No data	No data	No data	No data	No data	No data	No data	No data	No data	No data	No data	No data	No data	No data	No data	No data	0	0	0	0	0	0.77941	No data	0.3009376723662438	-0.208776039941779	0	No data	No data	0	-1	-1
GRB7	0.027044835779296703	No data	0.04144704727061772	No data	No data	No data	No data	No data	No data	No data	No data	No data	No data	No data	No data	No data	No data	No data	0.06079307976116211	No data	No data	No data	1	0	1	1	0	0.5300750000000001	No data	-0.07920573634859351	0	0	No data	No data	0	0.5	0
SENP7	0.026991951578236206	No data	0.03169545162758188	No data	No data	No data	No data	No data	No data	No data	No data	No data	No data	No data	No data	No data	No data	No data	0.18237923928348632	No data	No data	No data	0	0	0	1	0	0	No data	-0.6846111417539988	0	0	No data	No data	0	-1	-1
RPL14	0.026872098908088952	No data	0.04420256222198549	No data	No data	No data	No data	No data	No data	No data	No data	No data	No data	No data	No data	No data	No data	No data	No data	No data	No data	1	0	0	1	1	0	0.2790700000000001	No data	-0.8392719249862107	No data	-1	No data	No data	No data	-1	-1
TNNI2	0.02685694618594644	No data	0.04326574094823682	No data	No data	No data	No data	No data	No data	No data	No data	No data	No data	No data	No data	No data	No data	No data	0.01823792392834863	No data	No data	0.7	1	0	0	0	0	0.8351649999999999	No data	-0.2504136789851076	-0.8096602091786481	0	No data	No data	0	0.75	0
ABLIM2	0.026851609485866658	No data	0.04416885867825521	No data	No data	No data	No data	No data	No data	No data	No data	No data	No data	No data	No data	No data	No data	No data	No data	No data	No data	No data	0	0	0	0	0	0.31783	No data	-0.37573083287369	No data	0	No data	No data	0	0.75	0
FAM135A	0.02669463864818301	No data	0.043910653569548194	No data	No data	No data	No data	No data	No data	No data	No data	No data	No data	No data	No data	No data	No data	No data	No data	No data	No data	No data	0	0	0	0	0	0.19802000000000036	No data	-0.44765581908439056	-0.6760791411229955	0	No data	No data	0	0.5	-1
SASH1	0.02669463864818301	No data	0.043910653569548194	No data	No data	No data	No data	No data	No data	No data	No data	No data	No data	No data	No data	No data	No data	No data	No data	No data	No data	No data	0	0	0	0	0	0.2622300000000003	No data	-0.7806949806949807	-0.5999398830430785	0	No data	No data	0	-1	0
JAKMIP2	0.026621910974518822	No data	0.04379102206880845	No data	No data	No data	No data	No data	No data	No data	No data	No data	No data	No data	No data	No data	No data	No data	No data	No data	No data	No data	0	0	0	0	0	0.9634149999999998	No data	-0.8439051296194153	-0.6351448835754281	0	No data	No data	-0.1615849999999998	0.5	0
KIR3DL2	0.026606439339799278	No data	0.04167454732315653	No data	No data	No data	No data	No data	No data	No data	No data	No data	No data	No data	No data	No data	No data	No data	0.030396539880581056	0.025703913929329476	No data	0.2	1	0	0	0	0	0	No data	0.49277440706012143	No data	0	No data	No data	-0.5879124999999998	0.5	1
MAMSTR	0.026545152053154945	No data	0.04366475947170786	No data	No data	No data	No data	No data	No data	No data	No data	No data	No data	No data	No data	No data	No data	No data	No data	No data	No data	No data	0	0	0	0	0	0	No data	0.6799779371207944	No data	0	No data	No data	0	0.75	0
BAK1	0.026535281554176577	No data	0.04174873950784973	No data	No data	No data	No data	No data	No data	No data	No data	No data	No data	No data	No data	No data	No data	No data	0.037995674850726316	No data	No data	No data	0	0	1	1	0	0	No data	0.3842250413678985	0	0	No data	No data	0	-1	-1
ARMH1	0.026299400086671632	No data	0.03801858474512059	No data	No data	No data	No data	No data	No data	No data	No data	No data	No data	No data	No data	No data	No data	No data	0.10483862804862587	No data	No data	No data	1	0	0	0	0	0	No data	-0.060783232211803595	No data	0	No data	No data	No data	0.5	0
NT5DC2	0.026227023365842997	No data	0.04129503482186994	No data	No data	No data	No data	No data	No data	No data	No data	No data	No data	No data	No data	No data	No data	No data	0.030396539880581056	0.014697005475541218	No data	No data	0	0	0	0	0	0.7845599999999997	No data	-0.3039161610590182	-0.05373224667943238	0	No data	No data	0	-1	-1
BARHL1	0.026130514546414574	No data	0.04298271225783194	No data	No data	No data	No data	No data	No data	No data	No data	No data	No data	No data	No data	No data	No data	No data	No data	No data	No data	No data	0	0	0	0	0	0.8929650000000002	No data	-0.7734142305570877	-0.1802968207566119	0	No data	No data	-0.03669750000000001	1	1
SLC5A7	0.02587391491587638	No data	0.04041325300674761	No data	No data	No data	No data	No data	No data	No data	No data	No data	No data	No data	No data	No data	No data	No data	0.01823792392834863	0.034841702896942155	No data	No data	0	0	1	1	0	0.6465499999999998	0	-0.7287369001654715	-0.8108034610033077	0	No data	No data	0	0.5	0.5
AGR3	0.025741003498184947	No data	0.042341996160276264	No data	No data	No data	No data	No data	No data	No data	No data	No data	No data	No data	No data	No data	No data	No data	No data	No data	No data	No data	0	0	0	0	0	0.5481949999999998	No data	0.9596249310535026	No data	0	No data	No data	-0.06626499999999994	0.5	0
TTC38	0.02554927691701389	No data	0.04202662049264388	No data	No data	No data	No data	No data	No data	No data	No data	No data	No data	No data	No data	No data	No data	No data	No data	No data	No data	No data	0	0	0	0	0	0.32836	No data	0.4403750689464976	0	0	No data	No data	No data	0.5	-1
TDP2	0.025439183861179705	No data	0.037155086004083376	No data	No data	No data	No data	No data	No data	No data	No data	No data	No data	No data	No data	No data	No data	No data	No data	0.09380879542840947	No data	No data	0	0	1	1	0	0	No data	0.3845559845559845	-0.09224821813908574	0	No data	No data	No data	0.5	-1
PIGC	0.025414734025036544	No data	0.041805307651600246	No data	No data	No data	No data	No data	No data	No data	No data	No data	No data	No data	No data	No data	No data	No data	No data	No data	No data	No data	0	0	0	0	0	0.6801349999999999	No data	0.04688361831218968	-0.5571626338178093	0	No data	No data	No data	-1	-1
STK11IP	0.025384171990734	No data	0.04175503542584262	No data	No data	No data	No data	No data	No data	No data	No data	No data	No data	No data	No data	No data	No data	No data	No data	No data	No data	No data	0	0	0	0	0	0	No data	0.05890788747931608	No data	0	No data	No data	0	-1	-1
DNAH7	0.025367526572465788	No data	0.04172765497672965	No data	No data	No data	No data	No data	No data	No data	No data	No data	No data	No data	No data	No data	No data	No data	No data	No data	No data	No data	0	0	0	0	0	0.4433399999999999	No data	-0.014230557087699935	0	0	No data	No data	0	0.5	0
KIR2DL3	0.025362873395365387	No data	0.03524546387055975	No data	No data	No data	No data	No data	No data	No data	No data	No data	No data	No data	No data	No data	No data	No data	0.11457806838319023	0.03355351038046829	No data	0.2	1	0	0	0	0	0	No data	0.9477109762824047	No data	0	No data	No data	-0.7873899999999999	0.5	1
JPH2	0.02534540710622478	No data	0.041113322852057856	No data	No data	No data	No data	No data	No data	No data	No data	No data	No data	No data	No data	No data	No data	No data	No data	0.011558945646100468	No data	No data	1	0	0	0	0	0.3678150000000002	No data	0.15179260893546598	-0.6819896939081773	0	No data	No data	0	0.5	0
HIBADH	0.025307630602545168	No data	0.04162913065429701	No data	No data	No data	No data	No data	No data	No data	No data	No data	No data	No data	No data	No data	No data	No data	No data	No data	No data	No data	0	0	0	0	1	0.49405	No data	0.2809707666850525	-0.2324989359228255	0	No data	No data	0	-1	-1
CRISPLD1	0.02524779154396698	No data	0.040415322959641675	No data	No data	No data	No data	No data	No data	No data	No data	No data	No data	No data	No data	No data	No data	No data	No data	0.022307539741190888	No data	No data	0	1	0	0	0	0.7299999999999998	No data	0.1460562603419746	No data	0	No data	No data	0	0.5	0
USP4	0.02520463440465686	No data	0.04054781353317409	No data	No data	No data	No data	No data	No data	No data	No data	No data	No data	No data	No data	No data	No data	No data	0.01823792392834863	No data	No data	No data	0	0	0	1	0	0.5430950000000003	No data	-0.40639823496966354	0	0	No data	No data	0	-1	-1
MRPS21	0.025122966965602067	No data	0.04132537299360835	No data	No data	No data	No data	No data	No data	No data	No data	No data	No data	No data	No data	No data	No data	No data	No data	No data	No data	No data	0	0	0	0	0	0.4827599999999997	No data	0.7471594043022614	No data	-1	No data	No data	No data	-1	-1
MITF	0.025100323502344566	No data	0.03733657603146262	No data	No data	No data	No data	No data	No data	No data	No data	No data	No data	No data	No data	No data	No data	No data	0.07903100368951074	No data	No data	No data	0	0	0	1	0	0.724335	No data	-0.7072255929398786	-0.900863007354471	0	No data	No data	0	-1	-1
SMIM15	0.0250100369583207	No data	0.04113961170675623	No data	No data	No data	No data	No data	No data	No data	No data	No data	No data	No data	No data	No data	No data	No data	No data	No data	No data	No data	0	0	0	0	0	0.9324350000000002	No data	0.6586872586872587	No data	0	No data	No data	No data	-1	-1
TULP1	0.02490218180726237	No data	0.04096219817304144	No data	No data	No data	No data	No data	No data	No data	No data	No data	No data	No data	No data	No data	No data	No data	No data	No data	No data	No data	1	0	0	0	1	0.003690000000000282	No data	0.0912300055157198	-0.8043660864090779	0	No data	No data	0	1	0.5
DENND4C	0.024732943750656492	No data	0.040683814420695345	No data	No data	No data	No data	No data	No data	No data	No data	No data	No data	No data	No data	No data	No data	No data	No data	No data	No data	No data	0	0	0	0	0	0.3539349999999999	No data	-0.5806949806949807	No data	0	No data	No data	0	-1	-1
RTTN	0.024732943750656492	No data	0.040683814420695345	No data	No data	No data	No data	No data	No data	No data	No data	No data	No data	No data	No data	No data	No data	No data	No data	No data	No data	No data	0	0	0	0	0	0.11276000000000011	No data	-0.30788747931605076	-0.8872184106902927	0	No data	No data	No data	-1	0
GSDMA	0.024723290932762237	No data	0.03237523185803662	No data	No data	No data	No data	No data	No data	No data	No data	No data	No data	No data	No data	No data	No data	No data	0.15306008787200587	0.02878650074658524	No data	No data	1	0	0	0	0	0.4269649999999999	No data	0.4439051296194154	-0.5887033572172734	0	No data	No data	0	1	0.5
TRMT10C	0.024569719522586225	No data	0.040415322959641675	No data	No data	No data	No data	No data	No data	No data	No data	No data	No data	No data	No data	No data	No data	No data	No data	No data	No data	No data	0	0	0	0	0	0	No data	-0.3509100937672366	0	0	No data	No data	0	-1	-1
FAM98B	0.02454637738682781	No data	0.04037692691875985	No data	No data	No data	No data	No data	No data	No data	No data	No data	No data	No data	No data	No data	No data	No data	No data	No data	No data	No data	0	0	0	0	0	0.45727499999999993	No data	0.491891891891892	No data	0	No data	No data	0	-1	-1
CEP192	0.024505368252953786	No data	0.040309470007487816	No data	No data	No data	No data	No data	No data	No data	No data	No data	No data	No data	No data	No data	No data	No data	No data	No data	No data	No data	0	0	0	0	0	0	No data	-0.5557639271924986	No data	-1	No data	No data	No data	-1	-1
PRPS1L1	0.024489469056083537	No data	0.04028331703591159	No data	No data	No data	No data	No data	No data	No data	No data	No data	No data	No data	No data	No data	No data	No data	No data	No data	No data	No data	0	0	0	0	0	0.5911949999999997	No data	0.346276889134032	No data	0	No data	No data	-0.8584900000000001	1	1
AAMP	0.02447050806600651	No data	0.03873230065297262	No data	No data	No data	No data	No data	No data	No data	No data	No data	No data	No data	No data	No data	No data	No data	0.030396539880581056	No data	No data	No data	1	0	0	0	0	0.9308750000000003	No data	-0.8255929398786541	No data	-1	No data	No data	0	-1	-1
STX4	0.02446735039298764	No data	0.03872710652062848	No data	No data	No data	No data	No data	No data	No data	No data	No data	No data	No data	No data	No data	No data	No data	0.030396539880581056	No data	No data	No data	1	0	0	0	0	0.5117849999999997	No data	-0.22978488692774413	-0.7793260687037986	0	No data	No data	0	-1	-1
CLN5	0.024447154789245234	No data	0.039149834384195774	No data	No data	No data	No data	No data	No data	No data	No data	No data	No data	No data	No data	No data	No data	No data	0.021277577916406734	No data	No data	No data	0	0	0	0	0	0	No data	0.3846662989520133	-0.011453818198359778	0	No data	No data	No data	-1	-1
ENTPD3	0.024418702753694333	No data	0.03197427700007496	No data	No data	No data	No data	No data	No data	No data	No data	No data	No data	No data	No data	No data	No data	No data	No data	0.16086671295983723	No data	No data	0	0	0	1	0	0.06426999999999979	No data	0.6510755653612796	No data	0	No data	No data	0	0.5	0
PPP1R26	0.024366664694805508	No data	0.040081313186525296	No data	No data	No data	No data	No data	No data	No data	No data	No data	No data	No data	No data	No data	No data	No data	No data	No data	No data	No data	0	0	0	0	0	0	No data	-0.6723662437948152	0	0	No data	No data	No data	-1	0
E2F3	0.02430516970363552	No data	0.03297051996313927	No data	No data	No data	No data	No data	No data	No data	No data	No data	No data	No data	No data	No data	No data	No data	0.14019277264833624	No data	No data	0.7	0	0	0	0	0	0.7096800000000002	No data	-0.8031991174848317	-0.8602675103693336	0	No data	No data	0	-1	-1
MPHOSPH8	0.024232187888856022	No data	0.039860109051979384	No data	No data	No data	No data	No data	No data	No data	No data	No data	No data	No data	No data	No data	No data	No data	No data	No data	No data	No data	1	0	0	0	0	0	No data	-0.5256480970766685	0	0	No data	No data	0	-1	-1
GTSE1	0.024232187888856022	No data	0.039860109051979384	No data	No data	No data	No data	No data	No data	No data	No data	No data	No data	No data	No data	No data	No data	No data	No data	No data	No data	No data	1	0	0	0	0	0	No data	0.10557087699944834	No data	0	No data	No data	0	0.5	0.5
SPATC1	0.024213571883120028	No data	0.03816251214810053	No data	No data	No data	No data	No data	No data	No data	No data	No data	No data	No data	No data	No data	No data	No data	No data	0.033339499760284004	No data	No data	0	0	0	0	0	0	No data	0.4908990623276337	0	0	No data	No data	0	1	0.5
HAPLN4	0.024190305868697297	No data	0.03979121630904998	No data	No data	No data	No data	No data	No data	No data	No data	No data	No data	No data	No data	No data	No data	No data	No data	No data	No data	No data	0	1	0	0	0	0.5398000000000003	No data	0.20783232211803648	No data	0	No data	No data	0	0.75	0.5
SVOPL	0.02411210562746409	No data	0.032266380418320674	No data	No data	No data	No data	No data	No data	No data	No data	No data	No data	No data	No data	No data	No data	No data	No data	0.147924048637751	No data	No data	0	0	0	0	0	0.5934950000000001	No data	0.3535576392719251	No data	0	No data	No data	0	0.5	0.5
CYBRD1	0.024061722311700583	No data	0.03879978587322844	No data	No data	No data	No data	No data	No data	No data	No data	No data	No data	No data	No data	No data	No data	No data	No data	0.015598404966205319	No data	No data	1	0	0	0	0	0	No data	-0.04831770546056258	-0.6159296494065005	0	No data	No data	0	-1	-1
LRRC3C	0.024045262810068094	No data	0.038944700693562644	No data	No data	No data	No data	No data	No data	No data	No data	No data	No data	No data	No data	No data	No data	No data	0.012158615952232422	No data	No data	No data	0	0	0	0	0	0	No data	0.5595146166574738	No data	0	No data	No data	0	0.5	1
TEDC1	0.024026702527113853	No data	0.03800227424102534	No data	No data	No data	No data	No data	No data	No data	No data	No data	No data	No data	No data	No data	No data	No data	0.030396539880581056	No data	No data	No data	0	0	0	0	0	0	No data	0.5993381136238278	0	0	No data	No data	No data	-1	0
SH2B1	0.024011448164660484	No data	0.03949700896712966	No data	No data	No data	No data	No data	No data	No data	No data	No data	No data	No data	No data	No data	No data	No data	No data	No data	No data	No data	0	0	0	0	0	0.5833350000000003	No data	-0.8217319360176503	-0.6531012158908902	0	No data	No data	0	-1	-1
PACS2	0.02398103069354389	No data	0.039446974536835794	No data	No data	No data	No data	No data	No data	No data	No data	No data	No data	No data	No data	No data	No data	No data	No data	No data	No data	No data	0	0	0	0	0	0.64602	No data	-0.6198565912851628	-0.2324989359228255	0	No data	No data	0	0.75	-1
MMP17	0.02397434774397616	No data	0.03943598159225396	No data	No data	No data	No data	No data	No data	No data	No data	No data	No data	No data	No data	No data	No data	No data	No data	No data	No data	No data	1	1	1	1	0	0.09618499999999983	No data	0.6555984555984555	-0.2435791077952018	0	No data	No data	0	0.5	0
SCAP	0.023880778189274407	No data	0.0392820667797961	No data	No data	No data	No data	No data	No data	No data	No data	No data	No data	No data	No data	No data	No data	No data	No data	No data	No data	No data	0	0	0	0	0	0.5973399999999998	No data	-0.480088251516823	No data	0	No data	No data	0	-1	-1
CNTN1	0.02383761024515683	No data	0.03921105878959858	No data	No data	No data	No data	No data	No data	No data	No data	No data	No data	No data	No data	No data	No data	No data	No data	No data	No data	No data	1	0	0	0	0	0.7691549999999999	No data	-0.7606177606177607	-0.8954590397255241	0	No data	No data	0	0.5	0
STON2	0.0238129901708346	No data	0.0372707768942808	No data	No data	No data	No data	No data	No data	No data	No data	No data	No data	No data	No data	No data	No data	No data	0.037995674850726316	No data	No data	No data	0	0	0	0	0	0.18847999999999984	No data	-0.5675675675675675	-0.252974314124329	0	No data	No data	0	0.5	0
RNASET2	0.023805261740306057	No data	0.035738237218876	No data	No data	No data	No data	No data	No data	No data	No data	No data	No data	No data	No data	No data	No data	No data	0.06839221473130737	No data	No data	No data	0	1	0	0	0	0	No data	0.42029784886927746	-0.1500709799866612	0	No data	No data	No data	-1	-1
GMEB2	0.02379595952609563	No data	0.039142546519411195	No data	No data	No data	No data	No data	No data	No data	No data	No data	No data	No data	No data	No data	No data	No data	No data	No data	No data	No data	0	0	0	0	0	0.6981149999999999	No data	-0.8293436293436294	-0.07751386270003602	0	No data	No data	0	-1	-1
SANBR	0.023695866234081604	No data	0.0374580736604132	No data	No data	No data	No data	No data	No data	No data	No data	No data	No data	No data	No data	No data	No data	No data	0.030396539880581056	No data	No data	No data	0	0	0	0	0	0.42897000000000035	No data	0.031660231660231686	0	0	No data	No data	No data	0.5	0
STAB1	0.023686454977925202	No data	0.03896241985269084	No data	No data	No data	No data	No data	No data	No data	No data	No data	No data	No data	No data	No data	No data	No data	No data	No data	No data	No data	1	0	0	0	0	0.09144000000000005	No data	-0.21753998896856042	0	0	No data	No data	0	0.5	0
RLN2	0.023654106883052563	No data	0.035574033789352776	No data	No data	No data	No data	No data	No data	No data	No data	No data	No data	No data	No data	No data	No data	No data	0.0667035180712751	No data	No data	No data	0	1	0	0	0	0	No data	0.8383894098179812	-0.6559469928642533	0	No data	No data	-0.554055	0.5	0.5
GDPGP1	0.023647301760000353	No data	0.03889801578222975	No data	No data	No data	No data	No data	No data	No data	No data	No data	No data	No data	No data	No data	No data	No data	No data	No data	No data	No data	0	0	0	0	0	0	No data	0.4788747931605075	No data	0	No data	No data	No data	0.5	0
UBAC2	0.0236440410313282	No data	0.034029205750268327	No data	No data	No data	No data	No data	No data	No data	No data	No data	No data	No data	No data	No data	No data	No data	0.09726892761785938	No data	No data	No data	0	0	0	0	0	0.46221000000000034	No data	-0.18907887479316055	0	0	No data	No data	0	-1	-1
RSPH3	0.023504423767758676	No data	0.03866299233416131	No data	No data	No data	No data	No data	No data	No data	No data	No data	No data	No data	No data	No data	No data	No data	No data	No data	No data	No data	1	0	No data	No data	No data	0	No data	-0.31230005515719805	-0.022023425318627998	0	No data	No data	No data	-1	-1
GLDC	0.02345905505978419	No data	0.03638461511318788	No data	No data	No data	No data	No data	No data	No data	No data	No data	No data	No data	No data	No data	No data	No data	0.044074982826842524	No data	No data	No data	0	0	0	0	0	0.6225499999999997	No data	0.21687810259238827	-0.9170288674020027	0	No data	No data	No data	1	0
PCNP	0.0234138776488317	No data	0.03851405084397409	No data	No data	No data	No data	No data	No data	No data	No data	No data	No data	No data	No data	No data	No data	No data	No data	No data	No data	No data	0	0	0	0	0	0.7752800000000001	No data	-0.20176503033645887	-0.7513118256138868	0	No data	No data	No data	-1	-1
XIRP2	0.02329374972258377	No data	0.037020509624625976	No data	No data	No data	No data	No data	No data	No data	No data	No data	No data	No data	No data	No data	No data	No data	No data	0.025918798047126452	No data	No data	1	0	0	0	0	0	No data	-0.1094318808604523	-0.9560542170119668	0	No data	No data	0	0.5	0.5
FAM72C	0.02324164919946498	No data	0.03823074812260621	No data	No data	No data	No data	No data	No data	No data	No data	No data	No data	No data	No data	No data	No data	No data	No data	No data	No data	No data	1	0	0	0	0	0.39597499999999997	No data	0.8399338113623829	-0.21112781471243014	No data	No data	No data	-0.9832225000000001	0.5	0.5
PIGY	0.02319181207370214	No data	0.03814876983501388	No data	No data	No data	No data	No data	No data	No data	No data	No data	No data	No data	No data	No data	No data	No data	No data	No data	No data	No data	0	0	0	0	0	0.22535000000000024	No data	0.7628240485383342	-0.022023425318627998	0	No data	No data	No data	-1	-1
PYURF	0.02319181207370214	No data	0.03814876983501388	No data	No data	No data	No data	No data	No data	No data	No data	No data	No data	No data	No data	No data	No data	No data	No data	No data	No data	No data	0	0	0	0	0	No data	No data	0.8268063982349696	No data	0	No data	No data	No data	-1	-1
AFAP1	0.02317076292485252	No data	0.037506214785871794	No data	No data	No data	No data	No data	No data	No data	No data	No data	No data	No data	No data	No data	No data	No data	0.012158615952232422	No data	No data	No data	0	0	0	0	0	0.12162000000000006	No data	-0.08648648648648649	No data	0	No data	No data	0	-1	0
MACROH2A1	0.023168024889849828	No data	0.03810964172381148	No data	No data	No data	No data	No data	No data	No data	No data	No data	No data	No data	No data	No data	No data	No data	No data	No data	No data	No data	0	0	0	0	1	0.5698950000000004	No data	-0.9789299503585218	-0.5977678978045564	0	No data	No data	-0.2002675	-1	-1
PNLIP	0.0229183648652382	No data	0.036787073744367974	No data	No data	No data	No data	No data	No data	No data	No data	No data	No data	No data	No data	No data	No data	No data	0.01823792392834863	No data	No data	1	0	1	1	1	0	0	No data	0.025923883066740316	-0.6654975687371073	0	No data	No data	-0.19354750000000004	1	0
GNG8	0.022866046506516198	No data	0.03761291021338297	No data	No data	No data	No data	No data	No data	No data	No data	No data	No data	No data	No data	No data	No data	No data	No data	No data	No data	No data	1	0	0	0	0	0.9285699999999999	No data	0.7865416436845007	-0.2684267109140778	0	No data	No data	-0.25	0.5	0.5
MAPRE2	0.022862131294867093	No data	0.034566815999456255	No data	No data	No data	No data	No data	No data	No data	No data	No data	No data	No data	No data	No data	No data	No data	0.06079307976116211	No data	No data	No data	0	0	0	0	0	0.8470950000000002	No data	-0.6961941533370104	No data	0	No data	No data	0	0.5	-1
ARMH2	0.022817809213344566	No data	0.037533563528922925	No data	No data	No data	No data	No data	No data	No data	No data	No data	No data	No data	No data	No data	No data	No data	No data	No data	No data	No data	No data	No data	0	0	0	0	No data	0.3267512410369553	No data	0	No data	No data	No data	1	0.5
CPN2	0.022783578027703328	No data	0.03747725582782319	No data	No data	No data	No data	No data	No data	No data	No data	No data	No data	No data	No data	No data	No data	No data	No data	No data	No data	No data	0	1	0	0	0	0	No data	0.8667402095973524	No data	0	No data	No data	0	1	0.5
C1orf52	0.02265135541616428	No data	0.034220105683856375	No data	No data	No data	No data	No data	No data	No data	No data	No data	No data	No data	No data	No data	No data	No data	0.06079307976116211	No data	No data	No data	0	0	0	0	0	0.25823999999999997	No data	-0.5498069498069498	No data	0	No data	No data	No data	-1	-1
UBE2D1	0.022618151752389314	No data	0.03459734214284697	No data	No data	No data	No data	No data	No data	No data	No data	No data	No data	No data	No data	No data	No data	No data	No data	0.0521560004682974	No data	No data	1	0	0	0	0	1	No data	-0.3856591285162714	-0.05901705023956677	0	No data	No data	-0.7619050000000002	0.5	-1
RBM6	0.022444266201597545	No data	0.0369191136388786	No data	No data	No data	No data	No data	No data	No data	No data	No data	No data	No data	No data	No data	No data	No data	No data	No data	No data	No data	0	0	0	0	0	0.44345500000000015	No data	-0.9482625482625483	-0.18907283026045107	0	No data	No data	0	-1	-1
TAB2	0.022430689157603052	No data	0.035376953438425666	No data	No data	No data	No data	No data	No data	No data	No data	No data	No data	No data	No data	No data	No data	No data	0.030396539880581056	No data	No data	No data	0	0	0	0	0	0.733045	No data	-0.990292333149476	-0.7776942507881898	0	255	No data	0	-1	-1
CALHM5	0.022369039470370368	No data	0.03367880847262081	No data	No data	No data	No data	No data	No data	No data	No data	No data	No data	No data	No data	No data	No data	No data	No data	0.062331258111762454	No data	No data	0	0	0	0	0	0.1747549999999997	No data	0.2837286265857695	No data	0	No data	No data	0	0.5	0
BBS12	0.022290890168471238	No data	0.036666821710703755	No data	No data	No data	No data	No data	No data	No data	No data	No data	No data	No data	No data	No data	No data	No data	No data	No data	No data	No data	0	0	0	0	0	0	No data	0.6214009928295643	-0.8498079482758705	0	No data	No data	0	0.5	0
RICTOR	0.02225520095984026	No data	0.0366081156724981	No data	No data	No data	No data	No data	No data	No data	No data	No data	No data	No data	No data	No data	No data	No data	No data	No data	No data	No data	0	0	1	1	0	0.7716650000000002	No data	-0.8822945394373966	-0.4395229065692238	0	No data	255	No data	-1	-1
CASP8AP2	0.022247769035290067	No data	0.036595890720942124	No data	No data	No data	No data	No data	No data	No data	No data	No data	No data	No data	No data	No data	No data	No data	No data	No data	No data	No data	0	0	No data	No data	No data	0	No data	-0.950799779371208	No data	No data	No data	No data	No data	No data	No data
NLRP5	0.022245435372431125	No data	0.03659205202274142	No data	No data	No data	No data	No data	No data	No data	No data	No data	No data	No data	No data	No data	No data	No data	No data	No data	No data	No data	0	0	0	0	0	0	No data	-0.008825151682294585	0	0	No data	No data	0	0.75	0.5
UMAD1	0.02224284562621421	No data	0.03658779208686206	No data	No data	No data	No data	No data	No data	No data	No data	No data	No data	No data	No data	No data	No data	No data	No data	No data	No data	No data	0	0	0	0	0	0	No data	No data	No data	No data	No data	No data	No data	-1	-1
NPIPB8	0.022239731322151124	No data	0.03658266929315705	No data	No data	No data	No data	No data	No data	No data	No data	No data	No data	No data	No data	No data	No data	No data	No data	No data	No data	No data	0	0	0	0	0	No data	No data	0.8845008273579702	No data	No data	No data	No data	-0.98264	1	0
NGRN	0.022186957498525083	No data	0.036495860360572334	No data	No data	No data	No data	No data	No data	No data	No data	No data	No data	No data	No data	No data	No data	No data	No data	No data	No data	No data	0	0	0	0	0	0	No data	0.7501378929950357	No data	0	No data	No data	No data	0.5	-1
DPM3	0.022160151353472803	No data	0.03645176628743507	No data	No data	No data	No data	No data	No data	No data	No data	No data	No data	No data	No data	No data	No data	No data	No data	No data	No data	No data	0	0	0	0	0	0.5108699999999999	No data	0.5746276889134032	-0.6192062276137841	0	No data	No data	No data	-1	-1
ZSCAN30	0.02201932891205614	No data	0.03622012406438944	No data	No data	No data	No data	No data	No data	No data	No data	No data	No data	No data	No data	No data	No data	No data	No data	No data	No data	No data	0	0	0	0	0	No data	No data	0.1458356315499172	No data	0	No data	No data	0	-1	-1
PXT1	0.022018760296858064	No data	0.036219188735565316	No data	No data	No data	No data	No data	No data	No data	No data	No data	No data	No data	No data	No data	No data	No data	No data	No data	No data	No data	0	0	0	0	0	0	No data	0.5728626585769443	No data	0	No data	No data	No data	1	1
PRSS53	0.022004767957250135	No data	0.03619617239939202	No data	No data	No data	No data	No data	No data	No data	No data	No data	No data	No data	No data	No data	No data	No data	No data	No data	No data	No data	0	1	0	0	0	0.014464999999999862	No data	0.386100386100386	-0.19036760713268375	0	No data	No data	0	1	0.5
KRTCAP2	0.021902978952832816	No data	0.03602873721628036	No data	No data	No data	No data	No data	No data	No data	No data	No data	No data	No data	No data	No data	No data	No data	No data	No data	No data	No data	0	0	0	0	0	0.8529400000000003	No data	0.1340319911748482	-0.2838059260346937	0	No data	No data	No data	-1	-1
GTF2A1	0.021827002049465322	No data	0.03590376097940277	No data	No data	No data	No data	No data	No data	No data	No data	No data	No data	No data	No data	No data	No data	No data	No data	No data	No data	No data	0	0	1	1	0	0.8404249999999998	No data	-0.7671263099834529	-0.5618444456045446	-1	No data	No data	0	-1	-1
SLC39A12	0.021797588259896913	No data	0.03585537752904301	No data	No data	No data	No data	No data	No data	No data	No data	No data	No data	No data	No data	No data	No data	No data	No data	No data	No data	No data	0	0	0	0	0	0	No data	0.24842801985659135	No data	0	No data	No data	0	1	0.5
HERC6	0.02177228094595659	No data	0.03429392192524497	No data	No data	No data	No data	No data	No data	No data	No data	No data	No data	No data	No data	No data	No data	No data	0.030396539880581056	No data	No data	No data	0	0	0	0	0	0	No data	0.5291781577495864	0	0	No data	No data	0	-1	-1
GNPDA1	0.02171426203951406	No data	0.03571831222373159	No data	No data	No data	No data	No data	No data	No data	No data	No data	No data	No data	No data	No data	No data	No data	No data	No data	No data	No data	0	0	0	0	1	0.8096899999999998	No data	0.34561500275785995	0	0	No data	No data	-0.5847750000000002	-1	-1
NKAIN2	0.02170037433611692	No data	0.03569546800617969	No data	No data	No data	No data	No data	No data	No data	No data	No data	No data	No data	No data	No data	No data	No data	No data	No data	No data	No data	0	0	0	0	0	0.8798099999999998	No data	-0.11152785438499724	No data	0	No data	No data	-0.2548075000000001	1	0.5
UFL1	0.021619114680897063	No data	0.03556180204364069	No data	No data	No data	No data	No data	No data	No data	No data	No data	No data	No data	No data	No data	No data	No data	No data	No data	No data	No data	0	0	0	0	0	0.5277099999999997	No data	-0.1185879757308329	-0.6882134189171468	0	No data	No data	No data	-1	-1
NSG2	0.021597975412734106	No data	0.03552702955268283	No data	No data	No data	No data	No data	No data	No data	No data	No data	No data	No data	No data	No data	No data	No data	No data	No data	No data	No data	0	0	0	0	0	0.8537999999999997	No data	-0.709542195256481	-0.05373224667943238	0	No data	No data	0	1	0.5
RNF114	0.02158317351928485	No data	0.03550268156191248	No data	No data	No data	No data	No data	No data	No data	No data	No data	No data	No data	No data	No data	No data	No data	No data	No data	No data	No data	1	0	0	0	0	0.4956150000000001	No data	-0.7610590182018754	0	0	No data	No data	0	0.5	-1
FBLN1	0.021556831959008448	No data	0.03203974095888881	No data	No data	No data	No data	No data	No data	No data	No data	No data	No data	No data	No data	No data	No data	No data	0.06839221473130737	No data	No data	No data	0	1	0	0	0	0.25319999999999965	No data	-0.6917815774958632	-0.9741420246556506	0	No data	No data	0	0.5	-1
OGFRL1	0.021506739520891296	No data	0.035376953438425666	No data	No data	No data	No data	No data	No data	No data	No data	No data	No data	No data	No data	No data	No data	No data	No data	No data	No data	No data	0	0	1	1	0	0.05765000000000029	No data	0.5182570325427469	No data	0	No data	No data	0	-1	-1
PARD3	0.021469214396537657	No data	0.030600555253118892	No data	No data	No data	No data	No data	No data	No data	No data	No data	No data	No data	No data	No data	No data	No data	0.09429344410288251	No data	No data	No data	1	0	0	0	0	0.5085000000000001	No data	-0.55565361279647	-0.8372067084098211	0	No data	No data	0	-1	0
CLPS	0.02144633000746249	No data	0.03527758437591701	No data	No data	No data	No data	No data	No data	No data	No data	No data	No data	No data	No data	No data	No data	No data	No data	No data	No data	No data	0	1	0	0	0	0	No data	0.6251516822945395	-0.6440819576026765	0	No data	No data	0	1	0
SNN	0.021388899123481558	No data	0.034575184135061915	No data	No data	No data	No data	No data	No data	No data	No data	No data	No data	No data	No data	No data	No data	No data	0.012158615952232422	No data	No data	No data	0	0	0	0	0	0.886365	No data	0.8223938223938223	No data	0	No data	No data	No data	0.5	-1
C1orf105	0.021360455344630134	No data	0.0351363270762873	No data	No data	No data	No data	No data	No data	No data	No data	No data	No data	No data	No data	No data	No data	No data	No data	No data	No data	No data	0	0	0	0	0	0	No data	-0.09233314947600657	No data	0	No data	No data	No data	0.75	0.5
INKA1	0.021346071996024014	No data	0.0351126675600025	No data	No data	No data	No data	No data	No data	No data	No data	No data	No data	No data	No data	No data	No data	No data	No data	No data	No data	No data	0	0	No data	No data	No data	0	No data	0.1457253171538886	-0.39195967452801656	0	No data	No data	0	0.5	0
DNM3	0.021330424993021197	No data	0.034627193400064336	No data	No data	No data	No data	No data	No data	No data	No data	No data	No data	No data	No data	No data	No data	No data	No data	0.009194720562480054	No data	No data	0	0	0	0	1	0.8841250000000003	No data	-0.4511858797573083	No data	0	No data	No data	-0.5075324999999999	0.5	0
ACTR3B	0.02132806217663886	No data	0.035083042774655376	No data	No data	No data	No data	No data	No data	No data	No data	No data	No data	No data	No data	No data	No data	No data	No data	No data	No data	No data	0	0	0	0	0	0.9282299999999999	No data	-0.864092664092664	0	0	No data	No data	-0.7607649999999999	0.5	-1
LINC03040	0.021322581696574507	No data	0.03247824258821887	No data	No data	No data	No data	No data	No data	No data	No data	No data	No data	No data	No data	No data	No data	No data	No data	0.051915704257609926	No data	No data	No data	No data	0	0	0	No data	No data	No data	No data	No data	No data	No data	No data	No data	No data
POLL	0.02127272063547186	No data	0.03499201014169054	No data	No data	No data	No data	No data	No data	No data	No data	No data	No data	No data	No data	No data	No data	No data	No data	No data	No data	No data	0	0	0	1	0	0.12173999999999978	No data	-0.010148924434638773	0	0	No data	No data	0	-1	-1
NDUFA13	0.02126863569287453	No data	0.034985290721300286	No data	No data	No data	No data	No data	No data	No data	No data	No data	No data	No data	No data	No data	No data	No data	No data	No data	No data	1	0	0	0	1	0	0.1666649999999997	No data	0.5127413127413127	-0.5786753726513527	-1	No data	No data	No data	-1	-1
NPIPB9	0.02115417056223757	No data	0.0347970042730949	No data	No data	No data	No data	No data	No data	No data	No data	No data	No data	No data	No data	No data	No data	No data	No data	No data	No data	No data	0	0	0	0	0	No data	No data	No data	No data	No data	No data	No data	-0.98264	0.5	0.5
SLX1A	0.02115022968718098	No data	0.03327069483884062	No data	No data	No data	No data	No data	No data	No data	No data	No data	No data	No data	No data	No data	No data	No data	0.030396539880581056	No data	No data	No data	0	0	0	0	0	0	No data	0.1656922228350799	-0.08945751874593927	No data	No data	No data	-1	-1	-1
NIT1	0.021031890758805707	No data	0.034595863281534245	No data	No data	No data	No data	No data	No data	No data	No data	No data	No data	No data	No data	No data	No data	No data	No data	No data	No data	No data	0	0	0	0	0	0.22018500000000002	No data	0.13932708218422496	No data	0	No data	No data	0	-1	-1
ARMH4	0.02102686546710356	No data	0.0345875970582702	No data	No data	No data	No data	No data	No data	No data	No data	No data	No data	No data	No data	No data	No data	No data	No data	No data	No data	No data	1	0	0	0	0	0	No data	-0.02956425813568675	-0.07423728449275302	0	No data	No data	No data	0.5	0
PMPCA	0.021020759591745472	No data	0.03138591666948319	No data	No data	No data	No data	No data	No data	No data	No data	No data	No data	No data	No data	No data	No data	No data	0.06383273374922022	No data	No data	No data	0	0	0	0	0	0.5523800000000001	No data	0.24997242140099285	-0.6159296494065005	-1	No data	No data	0	-1	-1
PARN	0.02101135928384102	No data	0.03395415976662429	No data	No data	No data	No data	No data	No data	No data	No data	No data	No data	No data	No data	No data	No data	No data	0.012158615952232422	No data	No data	No data	0	0	0	0	1	0.31925000000000026	No data	-0.0865968008825152	-0.022023425318627998	0	No data	No data	0	-1	-1
SELENOK	0.021000879394585382	No data	0.03302502494815183	No data	No data	No data	No data	No data	No data	No data	No data	No data	No data	No data	No data	No data	No data	No data	0.030396539880581056	No data	No data	No data	0	0	0	0	0	0.5744700000000001	No data	0.5498069498069498	-0.6209538011324253	0	No data	No data	No data	-1	-1
TDRD10	0.020998557241709622	No data	0.03454103217702853	No data	No data	No data	No data	No data	No data	No data	No data	No data	No data	No data	No data	No data	No data	No data	No data	No data	No data	No data	0	0	0	0	0	No data	No data	0.16922228350799773	No data	0	No data	No data	0	1	0
ABHD13	0.020971139800899603	No data	0.03449593256878737	No data	No data	No data	No data	No data	No data	No data	No data	No data	No data	No data	No data	No data	No data	No data	No data	No data	No data	No data	0	0	0	0	0	0.7922849999999997	No data	-0.6828461114175399	-0.1528751614675486	0	No data	No data	0	-1	-1
ADNP	0.02092908705850223	No data	0.03442675900073886	No data	No data	No data	No data	No data	No data	No data	No data	No data	No data	No data	No data	No data	No data	No data	No data	No data	No data	No data	0	0	0	0	0	0.7141550000000002	No data	-0.9926089354660783	-0.8566671121877802	0	No data	No data	0	-1	-1
ADGRD1	0.020843685516557697	No data	0.03276645295501502	No data	No data	No data	No data	No data	No data	No data	No data	No data	No data	No data	No data	No data	No data	No data	0.030396539880581056	No data	No data	No data	1	0	0	0	0	0.03318000000000012	No data	-0.24401544401544406	0	0	No data	No data	0	0.5	0
ANKRD50	0.020776793184082196	No data	0.03417624714146417	No data	No data	No data	No data	No data	No data	No data	No data	No data	No data	No data	No data	No data	No data	No data	No data	No data	No data	No data	0	0	0	0	0	0	No data	-0.753226696083839	-0.43423810300908944	0	No data	No data	No data	-1	0
MRPL11	0.020742896558957023	No data	0.03412048976700914	No data	No data	No data	No data	No data	No data	No data	No data	No data	No data	No data	No data	No data	No data	No data	No data	No data	No data	No data	0	0	0	0	0	0.375	No data	0.7078874793160508	No data	0	No data	No data	0	-1	-1
ZSCAN18	0.020706567141931108	No data	0.03406073063460683	No data	No data	No data	No data	No data	No data	No data	No data	No data	No data	No data	No data	No data	No data	No data	No data	No data	No data	No data	0	0	0	0	0	0	No data	-0.2572531715388858	No data	0	No data	No data	0	-1	-1
UBE2L5	0.020686309020806336	No data	0.03402740756361856	No data	No data	No data	No data	No data	No data	No data	No data	No data	No data	No data	No data	No data	No data	No data	No data	No data	No data	No data	0	0	No data	No data	No data	0.8701300000000003	No data	-0.21312741312741312	No data	No data	No data	No data	-0.9350650000000001	1	1
CCS	0.020590856014310467	No data	0.033870394615975706	No data	No data	No data	No data	No data	No data	No data	No data	No data	No data	No data	No data	No data	No data	No data	No data	No data	No data	No data	0	0	0	0	1	0.343065	No data	0.3789299503585217	-0.2088763007696509	0	No data	No data	0	-1	-1
BZW2	0.020527624704592237	No data	0.03315845311522707	No data	No data	No data	No data	No data	No data	No data	No data	No data	No data	No data	No data	No data	No data	No data	0.012158615952232422	No data	No data	No data	1	0	0	0	0	0.9522649999999999	No data	-0.5726420297848869	-0.6266422218475678	0	No data	No data	-0.30787499999999995	0.5	-1
TUBG1	0.02049853521017689	No data	0.03371853390338099	No data	No data	No data	No data	No data	No data	No data	No data	No data	No data	No data	No data	No data	No data	No data	No data	No data	No data	No data	0	0	0	0	1	0.9445650000000001	No data	-0.5898510755653612	-0.7014117698180014	-1	No data	No data	-0.9445675000000001	0.5	-1
JMJD1C	0.020482505218043165	No data	0.03369216578352803	No data	No data	No data	No data	No data	No data	No data	No data	No data	No data	No data	No data	No data	No data	No data	No data	No data	No data	No data	0	0	1	1	0	0.2952750000000002	No data	-0.9782680639823497	-0.34439644248680956	0	No data	No data	0	-1	-1
FBXO31	0.0204758126309297	No data	0.033681156985915284	No data	No data	No data	No data	No data	No data	No data	No data	No data	No data	No data	No data	No data	No data	No data	No data	No data	No data	No data	0	0	0	0	0	0.3228200000000001	No data	-0.451627137341423	0	0	No data	No data	0	0.5	-1
LRTM2	0.020462596802149177	No data	0.03365941795109019	No data	No data	No data	No data	No data	No data	No data	No data	No data	No data	No data	No data	No data	No data	No data	No data	No data	No data	No data	0	0	0	0	0	0.6081099999999999	No data	0.11770546056260334	-0.26147697585218926	0	No data	No data	0	1	1
TSKU	0.020376285048776158	No data	0.03162610141147457	No data	No data	No data	No data	No data	No data	No data	No data	No data	No data	No data	No data	No data	No data	No data	0.03782680518472309	No data	No data	No data	0	1	0	0	0	0.22096500000000036	No data	-0.0957528957528958	-0.05373224667943238	0	No data	No data	0	0.5	-1
MFAP3	0.02019231458573169	No data	0.03321482422845047	No data	No data	No data	No data	No data	No data	No data	No data	No data	No data	No data	No data	No data	No data	No data	No data	No data	No data	No data	0	0	0	0	0	0.03314999999999983	No data	-0.4937672366243795	No data	0	No data	No data	0	-1	-1
BBS1	0.020147282464911456	No data	0.033140749809129795	No data	No data	No data	No data	No data	No data	No data	No data	No data	No data	No data	No data	No data	No data	No data	No data	No data	No data	No data	0	0	0	0	0	0.6121400000000001	No data	0.05956977385548812	-0.911472858374531	0	No data	No data	No data	-1	-1
BCL7C	0.020136217185621	No data	0.03312254826491797	No data	No data	No data	No data	No data	No data	No data	No data	No data	No data	No data	No data	No data	No data	No data	No data	No data	No data	No data	0	0	0	0	0	0.6543799999999997	No data	-0.636403750689465	0	0	No data	No data	0	-1	-1
MLX	0.020081203321008823	No data	0.033032054635004325	No data	No data	No data	No data	No data	No data	No data	No data	No data	No data	No data	No data	No data	No data	No data	No data	No data	No data	No data	0	0	1	1	0	0.9180349999999997	No data	-0.4437948152233867	-0.28941059282669906	0	No data	No data	0	-1	-1
CCDC82	0.020036012869080164	No data	0.03295771977303286	No data	No data	No data	No data	No data	No data	No data	No data	No data	No data	No data	No data	No data	No data	No data	No data	No data	No data	No data	0	0	0	0	0	0	No data	0.1660231660231659	No data	0	No data	No data	No data	-1	-1
SBK1	0.019961452684935006	No data	0.032835073931700126	No data	No data	No data	No data	No data	No data	No data	No data	No data	No data	No data	No data	No data	No data	No data	No data	No data	No data	No data	0	0	1	1	0	0.6933950000000003	No data	0.3013789299503584	-0.012666087423174044	0	No data	No data	0	0.75	0
KCMF1	0.019896596132547854	No data	0.03272838982778246	No data	No data	No data	No data	No data	No data	No data	No data	No data	No data	No data	No data	No data	No data	No data	No data	No data	No data	No data	0	0	0	0	0	0.8687649999999998	No data	-0.9274131274131274	No data	-1	No data	No data	No data	-1	-1
DPP3	0.019883345883961148	No data	0.0327065941749898	No data	No data	No data	No data	No data	No data	No data	No data	No data	No data	No data	No data	No data	No data	No data	No data	No data	No data	No data	0	0	0	0	0	0.6472200000000001	No data	-0.2433535576392719	-0.09843589226456811	0	No data	No data	No data	-1	-1
RBM5	0.01985537910304451	No data	0.03266059094398635	No data	No data	No data	No data	No data	No data	No data	No data	No data	No data	No data	No data	No data	No data	No data	No data	No data	No data	No data	0	0	0	0	0	0.90184	No data	-0.9553226696083839	0	0	No data	No data	0	-1	-1
PPIL2	0.019850983699302608	No data	0.030981551145155602	No data	No data	No data	No data	No data	No data	No data	No data	No data	No data	No data	No data	No data	No data	No data	0.03343619386863916	No data	No data	No data	0	0	0	0	0	0.5192300000000003	No data	-0.24136789851075569	No data	-1	No data	No data	0	-1	-1
ATAD3C	0.01984506142194426	No data	0.03264361914202997	No data	No data	No data	No data	No data	No data	No data	No data	No data	No data	No data	No data	No data	No data	No data	No data	No data	No data	No data	0	0	0	0	0	No data	No data	0.3173745173745173	-0.7268386135010885	0	No data	No data	-0.7262775000000001	-1	0
CCZ1	0.019785176466361624	No data	0.03254511293734696	No data	No data	No data	No data	No data	No data	No data	No data	No data	No data	No data	No data	No data	No data	No data	No data	No data	No data	No data	0	0	0	0	0	0.7821599999999996	No data	-0.47181467181467185	No data	No data	No data	No data	-1	-1	-1
TEX22	0.019765478699681448	No data	0.03251271160687059	No data	No data	No data	No data	No data	No data	No data	No data	No data	No data	No data	No data	No data	No data	No data	No data	No data	No data	No data	0	0	0	0	0	0	No data	0.9564258135686707	No data	0	No data	No data	No data	1	1
STK17A	0.019760906372628617	No data	0.03250519047605966	No data	No data	No data	No data	No data	No data	No data	No data	No data	No data	No data	No data	No data	No data	No data	No data	No data	No data	No data	1	0	1	1	0	No data	1	-0.12399338113623826	No data	0	No data	No data	0	-1	0
DNAH6	0.01975840474111552	No data	0.032501075482177254	No data	No data	No data	No data	No data	No data	No data	No data	No data	No data	No data	No data	No data	No data	No data	No data	No data	No data	No data	1	0	0	0	0	0.41799000000000036	No data	-0.36723662437948157	0	0	No data	No data	0	0.5	0.5
COASY	0.019725613680164816	No data	0.032447136676840314	No data	No data	No data	No data	No data	No data	No data	No data	No data	No data	No data	No data	No data	No data	No data	No data	No data	No data	No data	0	0	0	0	0	0.3439700000000002	No data	-0.30005515719801434	-0.6073682676390835	0	No data	No data	0	-1	-1
ZNF646	0.019681318143196815	No data	0.03237427388202547	No data	No data	No data	No data	No data	No data	No data	No data	No data	No data	No data	No data	No data	No data	No data	No data	No data	No data	No data	1	0	0	0	0	0	No data	-0.619415333701048	No data	0	No data	No data	0	0.5	0
NRBP2	0.019528609854310385	No data	0.03212308034242133	No data	No data	No data	No data	No data	No data	No data	No data	No data	No data	No data	No data	No data	No data	No data	No data	No data	No data	No data	0	0	0	0	0	0.7505000000000003	No data	-0.0927744070601213	No data	0	No data	No data	-0.01197499999999998	0.5	-1
SLC5A9	0.01951657393648568	No data	0.032103282171524264	No data	No data	No data	No data	No data	No data	No data	No data	No data	No data	No data	No data	No data	No data	No data	No data	No data	No data	No data	0	0	0	0	0	0.27312999999999976	No data	0.0228350799779371	0	0	No data	No data	0	1	0.5
HMGN1	0.019512608279168637	No data	0.030576931972333337	No data	No data	No data	No data	No data	No data	No data	No data	No data	No data	No data	No data	No data	No data	No data	0.030396539880581056	No data	No data	No data	0	0	0	0	0	0	No data	-0.12873690016547157	-0.68741229719008	0	No data	No data	0	-1	-1
PIK3AP1	0.019467014236887046	No data	0.03097267571256059	No data	No data	No data	No data	No data	No data	No data	No data	No data	No data	No data	No data	No data	No data	No data	No data	0.02098169032691268	No data	No data	1	0	0	0	0	0.24223500000000014	No data	-0.8543849972421401	-0.11398320323334182	0	No data	No data	0	0.5	0
NLRP13	0.019462117672733606	No data	0.03201370575268512	No data	No data	No data	No data	No data	No data	No data	No data	No data	No data	No data	No data	No data	No data	No data	No data	No data	No data	No data	No data	No data	0	0	0	No data	No data	0.0927744070601213	No data	0	No data	No data	0	0.5	1
SH3RF1	0.01943814771971048	No data	0.03197427700007496	No data	No data	No data	No data	No data	No data	No data	No data	No data	No data	No data	No data	No data	No data	No data	No data	No data	No data	No data	0	0	0	0	0	0.5326599999999999	No data	-0.5759514616657474	-0.011453818198359778	0	No data	No data	0	-1	-1
BARX1	0.019400785708499194	No data	0.03191281932864579	No data	No data	No data	No data	No data	No data	No data	No data	No data	No data	No data	No data	No data	No data	No data	No data	No data	No data	No data	0	0	0	0	0	0.7637799999999999	No data	0.4741312741312742	-0.6437806612732063	0	No data	No data	0	1	0.5
B3GALT6	0.019394738836949654	No data	0.03190287268410451	No data	No data	No data	No data	No data	No data	No data	No data	No data	No data	No data	No data	No data	No data	No data	No data	No data	No data	No data	0	0	0	0	0	0.16413500000000028	No data	0.9994484280198566	-0.6192062276137841	0	No data	No data	0	-1	-1
SEC22B	0.019381744671720918	No data	0.03188149826899051	No data	No data	No data	No data	No data	No data	No data	No data	No data	No data	No data	No data	No data	No data	No data	No data	No data	No data	No data	0	0	0	0	0	1	No data	0.8651958080529509	No data	No data	No data	No data	0	-1	-1
ST18	0.01933512097906296	No data	0.03180480583484977	No data	No data	No data	No data	No data	No data	No data	No data	No data	No data	No data	No data	No data	No data	No data	No data	No data	No data	No data	0	0	0	0	0	0.24069000000000002	No data	-0.6270270270270271	0	0	No data	No data	0	0.75	0.5
ZNF16	0.019334513813681963	No data	0.03180380709390198	No data	No data	No data	No data	No data	No data	No data	No data	No data	No data	No data	No data	No data	No data	No data	No data	No data	No data	No data	0	0	0	0	0	No data	No data	0.32101489244346393	No data	0	No data	No data	0	-1	-1
ACOT13	0.019211790683146518	No data	0.03160193686291913	No data	No data	No data	No data	No data	No data	No data	No data	No data	No data	No data	No data	No data	No data	No data	No data	No data	No data	No data	0	0	0	0	0	0.17856999999999984	No data	0.6492002206287921	-0.8586899132659406	0	No data	No data	No data	0.5	-1
C11orf71	0.019190232870140423	No data	0.031566475897475715	No data	No data	No data	No data	No data	No data	No data	No data	No data	No data	No data	No data	No data	No data	No data	No data	No data	No data	No data	0	0	0	0	0	0	No data	0.9076668505239933	No data	0	No data	No data	No data	1	-1
TMEM260	0.019175443367821392	No data	0.03154214828917369	No data	No data	No data	No data	No data	No data	No data	No data	No data	No data	No data	No data	No data	No data	No data	No data	No data	No data	No data	0	0	0	0	0	0.1089100000000002	No data	0.14804191947049095	0	0	No data	No data	No data	0.5	-1
RPL21	0.019133831198943105	No data	0.03147369943110997	No data	No data	No data	No data	No data	No data	No data	No data	No data	No data	No data	No data	No data	No data	No data	No data	No data	No data	1	0	0	1	1	0	No data	No data	No data	No data	-1	No data	No data	No data	-1	-1
KCNJ16	0.01900498271970003	No data	0.03126175346661979	No data	No data	No data	No data	No data	No data	No data	No data	No data	No data	No data	No data	No data	No data	No data	No data	No data	No data	No data	0	0	0	0	0	0.6172249999999998	No data	0.3281853281853282	-0.228693877359529	0	No data	No data	0	0.75	0
FADS3	0.0190038940675236	No data	0.030853907069646493	No data	No data	No data	No data	No data	No data	No data	No data	No data	No data	No data	No data	No data	No data	No data	No data	0.008121112936156218	No data	No data	0	0	0	0	0	0.4943800000000003	No data	-0.3995587424158853	-0.011453818198359778	0	No data	No data	-0.06179749999999995	-1	-1
C6orf58	0.019003070355268718	No data	0.031258607772342045	No data	No data	No data	No data	No data	No data	No data	No data	No data	No data	No data	No data	No data	No data	No data	No data	No data	No data	No data	0	1	0	0	0	0	No data	0.03011583011583019	No data	0	No data	No data	No data	1	0.5
RASL11A	0.018931428970687544	No data	0.031140763134658564	No data	No data	No data	No data	No data	No data	No data	No data	No data	No data	No data	No data	No data	No data	No data	No data	No data	No data	No data	0	0	0	0	0	0.46281000000000033	No data	0.4845008273579703	No data	0	No data	No data	0	-1	0
SMUG1	0.01890827545546699	No data	0.031102677360238976	No data	No data	No data	No data	No data	No data	No data	No data	No data	No data	No data	No data	No data	No data	No data	No data	No data	No data	No data	0	0	0	0	0	0.4444450000000003	No data	-0.25449531163816874	0	0	No data	No data	No data	-1	-1
CACNA2D4	0.01889023672344465	No data	0.0310730050157991	No data	No data	No data	No data	No data	No data	No data	No data	No data	No data	No data	No data	No data	No data	No data	No data	No data	No data	1	0	0	1	0	0	0.1556750000000001	No data	0.3541092112520683	-0.5471037286182351	0	No data	No data	0	1	1
CD300H	0.018848194995385252	No data	0.03100384956550021	No data	No data	No data	No data	No data	No data	No data	No data	No data	No data	No data	No data	No data	No data	No data	No data	No data	No data	No data	0	1	No data	No data	No data	No data	No data	No data	No data	No data	No data	No data	0	0.5	0.5
PCCB	0.018840402351266307	No data	0.03099103125764418	No data	No data	No data	No data	No data	No data	No data	No data	No data	No data	No data	No data	No data	No data	No data	No data	No data	No data	No data	0	0	0	0	0	0.62894	No data	-0.21654715940430225	-0.7187008634551647	0	No data	No data	0	0.5	-1
SPMIP7	0.018799987991643057	No data	0.030924552704851616	No data	No data	No data	No data	No data	No data	No data	No data	No data	No data	No data	No data	No data	No data	No data	No data	No data	No data	No data	0	0	0	0	0	0	No data	0.5654715940430226	0	0	No data	No data	No data	1	1
STX1B	0.018795023278799783	No data	0.030916386129210476	No data	No data	No data	No data	No data	No data	No data	No data	No data	No data	No data	No data	No data	No data	No data	No data	No data	No data	No data	0	0	0	0	0	1	No data	-0.880750137892995	-0.7935497433974081	0	No data	No data	-0.5746524999999998	1	0
FAM240C	0.018774006545146826	No data	0.030881815198217137	No data	No data	No data	No data	No data	No data	No data	No data	No data	No data	No data	No data	No data	No data	No data	No data	No data	No data	No data	0	0	No data	No data	No data	No data	No data	0.950468836183122	No data	No data	No data	No data	No data	1	0
EMSY	0.018743477553858214	No data	0.030831597325708372	No data	No data	No data	No data	No data	No data	No data	No data	No data	No data	No data	No data	No data	No data	No data	No data	No data	No data	No data	0	0	0	0	0	0.5063600000000001	No data	-0.915057915057915	-0.8683518557251271	0	No data	No data	No data	-1	-1
HORMAD2	0.018575623173460735	No data	0.03055548961565827	No data	No data	No data	No data	No data	No data	No data	No data	No data	No data	No data	No data	No data	No data	No data	No data	No data	No data	No data	0	0	0	0	0	0	No data	0.7001654715940431	-0.24994607335993513	0	No data	No data	0	1	0.5
SLC13A4	0.018489904088152313	No data	0.030414488229241938	No data	No data	No data	No data	No data	No data	No data	No data	No data	No data	No data	No data	No data	No data	No data	No data	No data	No data	No data	0	0	0	0	0	0.44178500000000015	No data	-0.7217870932156647	-0.7891659687060221	0	No data	No data	0	1	0.5
ATXN2L	0.01848159790052517	No data	0.030400825181309883	No data	No data	No data	No data	No data	No data	No data	No data	No data	No data	No data	No data	No data	No data	No data	No data	No data	No data	No data	0	0	0	0	0	0.6279049999999998	No data	-0.8890237175951462	No data	0	No data	No data	0	-1	-1